0,4,India,Azerbaijan,3
1,4,China,Azerbaijan,3
48,56,Wales,Russia,2
48,92,Wales,Poland,2
53,61,Mexico,Argentina,2
0,48,India,Wales,1
0,52,India,Japan,1
0,54,India,Pakistan,1
0,60,India,Algeria,1
0,61,India,Argentina,1
0,65,India,Burma,1
1,48,China,Wales,1
1,50,China,Germany,1
1,52,China,Japan,1
1,60,China,Algeria,1
1,61,China,Argentina,1
1,65,China,Burma,1
4,25,Azerbaijan,Mauritania,1
4,48,Azerbaijan,Wales,1
4,51,Azerbaijan,Indonesia,1
4,54,Azerbaijan,Pakistan,1
4,56,Azerbaijan,Russia,1
4,60,Azerbaijan,Algeria,1
4,61,Azerbaijan,Argentina,1
4,65,Azerbaijan,Burma,1
4,80,Azerbaijan,Iran,1
4,101,Azerbaijan,Sweden,1
25,49,Mauritania,Brazil,1
25,60,Mauritania,Algeria,1
25,61,Mauritania,Argentina,1
48,49,Wales,Brazil,1
48,50,Wales,Germany,1
48,52,Wales,Japan,1
48,60,Wales,Algeria,1
48,86,Wales,Moldova,1
48,100,Wales,Sri_Lanka,1
48,101,Wales,Sweden,1
49,53,Brazil,Mexico,1
49,60,Brazil,Algeria,1
49,61,Brazil,Argentina,1
49,78,Brazil,Greece,1
49,86,Brazil,Moldova,1
49,97,Brazil,South_Africa,1
49,101,Brazil,Sweden,1
49,110,Brazil,Zambia,1
50,78,Germany,Greece,1
50,92,Germany,Poland,1
52,61,Japan,Argentina,1
52,80,Japan,Iran,1
52,86,Japan,Moldova,1
52,101,Japan,Sweden,1
53,60,Mexico,Algeria,1
53,90,Mexico,Niger,1
56,60,Russia,Algeria,1
56,80,Russia,Iran,1
56,101,Russia,Sweden,1
59,101,Afghanistan,Sweden,1
60,61,Algeria,Argentina,1
60,71,Algeria,Cuba,1
60,78,Algeria,Greece,1
60,86,Algeria,Moldova,1
60,90,Algeria,Niger,1
60,92,Algeria,Poland,1
60,97,Algeria,South_Africa,1
60,101,Algeria,Sweden,1
60,105,Algeria,Turkey,1
61,71,Argentina,Cuba,1
61,78,Argentina,Greece,1
61,90,Argentina,Niger,1
61,97,Argentina,South_Africa,1
78,92,Greece,Poland,1
86,101,Moldova,Sweden,1
92,101,Poland,Sweden,1
97,101,South_Africa,Sweden,1
