"2012-12-21T03:02:38.209+00:00"|"1168231106717"|"61.16.136.118"|"Chrome"|"About Hamid Karzai, d current President of Afghanistan, taking About Charles, Prince"|"85"
"2012-12-21T05:11:34.458+00:00"|"1168231106712"|"61.16.136.118"|"Chrome"|"About Hamid Karzai, n late 2001. During the December 2001 International Conference on AfAbout Saxe-Gotha, s until in 1680 the duchy wa"|"134"
"2012-12-21T05:12:40.236+00:00"|"1168231106714"|"91.191.192.127"|"Firefox"|"thx"|"3"
"2012-12-21T05:21:50.063+00:00"|"1168231106713"|"49.206.89.61"|"Safari"|"right"|"5"
"2012-12-21T11:03:01.139+00:00"|"1168231108547"|"49.206.89.61"|"Safari"|"right"|"5"
"2012-12-21T13:43:14.447+00:00"|"1168231108540"|"49.206.89.61"|"Safari"|"thanks"|"6"
"2012-12-21T15:30:51.929+00:00"|"1168231106719"|"203.215.63.48"|"Firefox"|"About Hamid Karzai, d winner and became President oAbout Lady Gaga, ing to focus on her mus"|"91"
"2012-12-21T23:21:28.228+00:00"|"1168231108441"|"180.222.139.188"|"Internet Explorer"|"About The Hard Road, rd was announced on 1 December. Five songs from the album placed on"|"88"
