creationDate|id|imageFile|locationIP|browserUsed|language|content|length
2012-12-10T19:29:17.605+00:00|1168231104899||148.204.226.31|Chrome|es|About Leonard Cohen, artha Wainwright, Teddy ThompsonAbout Winston Churchill, lped inspire th|93
2012-12-10T21:59:38.972+00:00|1168231107211|photo1168231107211.jpg|27.131.221.93|Internet Explorer|||0
2012-12-10T21:59:39.972+00:00|1168231107212|photo1168231107212.jpg|27.131.221.93|Internet Explorer|||0
2012-12-10T21:59:40.972+00:00|1168231107213|photo1168231107213.jpg|27.131.221.93|Internet Explorer|||0
2012-12-10T21:59:41.972+00:00|1168231107214|photo1168231107214.jpg|27.131.221.93|Internet Explorer|||0
2012-12-10T21:59:42.972+00:00|1168231107215|photo1168231107215.jpg|27.131.221.93|Internet Explorer|||0
2012-12-10T21:59:43.972+00:00|1168231107216|photo1168231107216.jpg|27.131.221.93|Internet Explorer|||0
2012-12-10T21:59:44.972+00:00|1168231107217|photo1168231107217.jpg|27.131.221.93|Internet Explorer|||0
