62,Country,216
342,Single,114
349,OfficeHolder,110
182,Album,106
211,Person,103
115,MusicalArtist,102
88,Writer,68
336,BritishRoyalty,44
243,MilitaryUnit,33
193,Saint,30
59,TennisPlayer,19
180,Song,16
310,BaseballPlayer,14
82,Philosopher,9
250,Artist,9
0,Thing,8
219,Senator,7
332,ChristianBishop,7
24,Cricketer,6
98,Monarch,5
212,Architect,4
279,Scientist,4
3,MilitaryPerson,3
72,Boxer,3
148,PrimeMinister,3
57,President,2
200,Actor,2
287,Criminal,2
295,FictionalCharacter,2
302,ComicsCharacter,2
13,IceHockeyPlayer,1
41,Company,1
95,Politician,1
96,Comedian,1
104,AmericanFootballPlayer,1
347,Governor,1
354,BasketballPlayer,1
355,Chancellor,1
