144,148,Cooch_Behar,Tiruchirappalli,0,0,India,India,1
144,554,Cooch_Behar,Swansea,0,48,India,Wales,1
148,185,Tiruchirappalli,Puttur,0,0,India,India,1
148,255,Tiruchirappalli,Barasat,0,0,India,India,1
148,510,Tiruchirappalli,Baku,0,4,India,Azerbaijan,1
148,779,Tiruchirappalli,"Islamabad/Rawalpindi,Lahore",0,54,India,Pakistan,1
148,1014,Tiruchirappalli,Insein_Township,0,65,India,Burma,1
185,285,Puttur,Guntur,0,0,India,India,1
185,510,Puttur,Baku,0,4,India,Azerbaijan,1
185,699,Puttur,Hamamatsu,0,52,India,Japan,1
185,972,Puttur,Buenos_Aires,0,61,India,Argentina,1
255,966,Barasat,Chief,0,60,India,Algeria,1
285,510,Guntur,Baku,0,4,India,Azerbaijan,1
339,510,Bei'an,Baku,1,4,China,Azerbaijan,1
388,426,Changzhou,Kunming,1,1,China,China,1
388,452,Changzhou,Hengyang,1,1,China,China,1
388,554,Changzhou,Swansea,1,48,China,Wales,1
388,605,Changzhou,Ludwigsburg,1,50,China,Germany,1
388,699,Changzhou,Hamamatsu,1,52,China,Japan,1
388,966,Changzhou,Chief,1,60,China,Algeria,1
388,972,Changzhou,Buenos_Aires,1,61,China,Argentina,1
407,452,Changyi,Hengyang,1,1,China,China,1
407,510,Changyi,Baku,1,4,China,Azerbaijan,1
452,510,Hengyang,Baku,1,4,China,Azerbaijan,1
452,1014,Hengyang,Insein_Township,1,65,China,Burma,1
510,531,Baku,Nouakchott,4,25,Azerbaijan,Mauritania,1
510,554,Baku,Swansea,4,48,Azerbaijan,Wales,1
510,642,Baku,Makassar,4,51,Azerbaijan,Indonesia,1
510,779,Baku,"Islamabad/Rawalpindi,Lahore",4,54,Azerbaijan,Pakistan,1
510,841,Baku,Barnaul,4,56,Azerbaijan,Russia,1
510,966,Baku,Chief,4,60,Azerbaijan,Algeria,1
510,972,Baku,Buenos_Aires,4,61,Azerbaijan,Argentina,1
510,1014,Baku,Insein_Township,4,65,Azerbaijan,Burma,1
510,1166,Baku,Tehran,4,80,Azerbaijan,Iran,1
510,1369,Baku,Stockholm,4,101,Azerbaijan,Sweden,1
531,588,Nouakchott,Brasília,25,49,Mauritania,Brazil,1
531,966,Nouakchott,Chief,25,60,Mauritania,Algeria,1
531,972,Nouakchott,Buenos_Aires,25,61,Mauritania,Argentina,1
554,588,Swansea,Brasília,48,49,Wales,Brazil,1
554,605,Swansea,Ludwigsburg,48,50,Wales,Germany,1
554,699,Swansea,Hamamatsu,48,52,Wales,Japan,1
554,841,Swansea,Barnaul,48,56,Wales,Russia,1
554,866,Swansea,Belgorod,48,56,Wales,Russia,1
554,966,Swansea,Chief,48,60,Wales,Algeria,1
554,1226,Swansea,Soroca,48,86,Wales,Moldova,1
554,1282,Swansea,Katowice,48,92,Wales,Poland,1
554,1284,Swansea,Kraków,48,92,Wales,Poland,1
554,1356,Swansea,Nugegoda,48,100,Wales,Sri_Lanka,1
554,1363,Swansea,Rovaniemi,48,101,Wales,Sweden,1
588,737,Brasília,Tlatelolco,49,53,Brazil,Mexico,1
588,966,Brasília,Chief,49,60,Brazil,Algeria,1
588,972,Brasília,Buenos_Aires,49,61,Brazil,Argentina,1
588,1147,Brasília,Larissa,49,78,Brazil,Greece,1
588,1226,Brasília,Soroca,49,86,Brazil,Moldova,1
588,1332,Brasília,Pretoria,49,97,Brazil,South_Africa,1
588,1363,Brasília,Rovaniemi,49,101,Brazil,Sweden,1
588,1452,Brasília,Lusaka,49,110,Brazil,Zambia,1
605,1147,Ludwigsburg,Larissa,50,78,Germany,Greece,1
605,1284,Ludwigsburg,Kraków,50,92,Germany,Poland,1
699,972,Hamamatsu,Buenos_Aires,52,61,Japan,Argentina,1
699,1166,Hamamatsu,Tehran,52,80,Japan,Iran,1
699,1226,Hamamatsu,Soroca,52,86,Japan,Moldova,1
699,1363,Hamamatsu,Rovaniemi,52,101,Japan,Sweden,1
737,966,Tlatelolco,Chief,53,60,Mexico,Algeria,1
737,972,Tlatelolco,Buenos_Aires,53,61,Mexico,Argentina,1
737,1264,Tlatelolco,Agadez,53,90,Mexico,Niger,1
750,972,Chapingo,Buenos_Aires,53,61,Mexico,Argentina,1
841,966,Barnaul,Chief,56,60,Russia,Algeria,1
841,1166,Barnaul,Tehran,56,80,Russia,Iran,1
841,1363,Barnaul,Rovaniemi,56,101,Russia,Sweden,1
958,1363,Herat,Rovaniemi,59,101,Afghanistan,Sweden,1
966,972,Chief,Buenos_Aires,60,61,Algeria,Argentina,1
966,1073,Chief,Jagüey_Grande,60,71,Algeria,Cuba,1
966,1147,Chief,Larissa,60,78,Algeria,Greece,1
966,1226,Chief,Soroca,60,86,Algeria,Moldova,1
966,1264,Chief,Agadez,60,90,Algeria,Niger,1
966,1284,Chief,Kraków,60,92,Algeria,Poland,1
966,1332,Chief,Pretoria,60,97,Algeria,South_Africa,1
966,1369,Chief,Stockholm,60,101,Algeria,Sweden,1
966,1410,Chief,Kadıköy,60,105,Algeria,Turkey,1
972,1073,Buenos_Aires,Jagüey_Grande,61,71,Argentina,Cuba,1
972,1147,Buenos_Aires,Larissa,61,78,Argentina,Greece,1
972,1264,Buenos_Aires,Agadez,61,90,Argentina,Niger,1
972,1332,Buenos_Aires,Pretoria,61,97,Argentina,South_Africa,1
1147,1282,Larissa,Katowice,78,92,Greece,Poland,1
1226,1363,Soroca,Rovaniemi,86,101,Moldova,Sweden,1
1284,1363,Kraków,Rovaniemi,92,101,Poland,Sweden,1
1332,1363,Pretoria,Rovaniemi,97,101,South_Africa,Sweden,1
