125,Noida,1
144,Cooch_Behar,1
148,Tiruchirappalli,1
185,Puttur,1
255,Barasat,1
285,Guntur,1
339,Bei'an,1
350,Da'an,1
388,Changzhou,1
407,Changyi,1
411,Quanzhou,1
426,Kunming,1
452,Hengyang,1
510,Baku,1
531,Nouakchott,1
554,Swansea,1
588,Brasília,1
605,Ludwigsburg,1
632,Lübeck,1
642,Makassar,1
699,Hamamatsu,1
737,Tlatelolco,1
747,Coyoacán,1
750,Chapingo,1
779,"Islamabad/Rawalpindi,Lahore",1
786,Rawalpindi,1
841,Barnaul,1
858,Krasnoyarsk,1
866,Belgorod,1
877,New_York_City,1
958,Herat,1
966,Chief,1
969,Oran,1
972,Buenos_Aires,1
1014,Insein_Township,1
1073,Jagüey_Grande,1
1147,Larissa,1
1166,Tehran,1
1177,Brescia,1
1226,Soroca,1
1249,Heerlen,1
1264,Agadez,1
1282,Katowice,1
1284,Kraków,1
1332,Pretoria,1
1356,Nugegoda,1
1363,Rovaniemi,1
1369,Stockholm,1
1410,Kadıköy,1
1452,Lusaka,1
