11531,Hannibal,33
5114,Nat_King_Cole,17
1164,Saint_George,15
470,Franz_Kafka,14
139,Wolfgang_Amadeus_Mozart,11
580,Jacques_Chirac,11
458,Fidel_Castro,9
540,Sammy_Sosa,8
4844,Simón_Bolívar,8
2811,John_Kerry,7
0,Hamid_Karzai,6
132,Judy_Davis,6
283,Leonard_Cohen,6
1454,Desiderius_Erasmus,6
1860,Sanath_Jayasuriya,6
2785,John_F._Kennedy,6
4975,Niandra_Lades_and_Usually_Just_a_T-Shirt,6
5126,Uruguay,6
5152,Alicia_Keys,6
6347,Drop_the_World,6
7505,Trinidad_and_Tobago,6
7555,France,6
9147,League_of_Nations,6
6,Augustine_of_Hippo,5
781,Martin_Luther,5
798,Friedrich_Schiller,5
804,Marlene_Dietrich,5
1404,Peter_Hain,5
1524,Mariano_Rivera,5
1676,Alexander_Pushkin,5
2044,"Anne,_Queen_of_Great_Britain",5
2110,John_Ruskin,5
2815,Walt_Disney,5
6393,Czechoslovakia,5
9034,Bukovina,5
9039,Guernsey,5
11410,Louis_XVIII_of_France,5
14734,Moods_of_Marvin_Gaye,5
295,Jim_Carrey,4
1449,Hicham_Arazi,4
1532,Gloria_Macapagal-Arroyo,4
2778,Barack_Obama,4
2788,George_Washington,4
2808,Johnny_Cash,4
2860,Frank_Lloyd_Wright,4
2959,Humphrey_Bogart,4
2994,Lil_Jon,4
5132,Alexander_Hamilton,4
5652,A_Day_in_the_Life,4
9262,Mughal_Empire,4
9479,Cardinal_Richelieu,4
12295,Frisia,4
13818,Daniel_Nestor,4
15191,Having_a_Rave_Up,4
413,Paul_Capdeville,3
780,Johann_Wolfgang_von_Goethe,3
810,Jackson_Browne,3
1023,Jawaharlal_Nehru,3
1184,Pope_Pius_IX,3
1186,Ovid,3
1196,Gaetano_Donizetti,3
1197,Antonio_Vivaldi,3
1502,Edvard_Munch,3
1771,Isabella_I_of_Castile,3
1988,Elizabeth_I_of_England,3
1998,"Charles,_Prince_of_Wales",3
2050,"Alfred,_Lord_Tennyson",3
2104,John_Gielgud,3
2805,Woodrow_Wilson,3
2880,Muhammad_Ali,3
2947,Reba_McEntire,3
3024,Howard_Stern,3
3026,Tim_McGraw,3
4849,Henry_V_of_England,3
5090,Algeria,3
5102,Estonia,3
5106,Iceland,3
5159,Georges_Bizet,3
5167,Democratic_Republic_of_the_Congo,3
5170,Richard_Burton,3
5229,Ghosts_I–IV,3
6107,Just_Be_Good_to_Green,3
6424,Spain,3
6426,Wales,3
6947,Guatemala,3
6951,John_Cage,3
7005,Mao_Zedong,3
7860,The_30th_Anniversary_Concert_Celebration,3
8882,Pictures_of_Starving_Children_Sell_Records,3
9284,San_Marino,3
9323,Achaemenid_Empire,3
10314,Love_Today,3
11307,Neo-Babylonian_Empire,3
11459,Heart_Like_a_Wheel,3
11695,John_the_Baptist,3
13124,Lonely_Days,3
292,Paul_Martin,2
543,Gamal_Abdel_Nasser,2
784,Richard_Strauss,2
975,"Prince_Philip,_Duke_of_Edinburgh",2
1031,Leander_Paes,2
1093,Yuvan_Shankar_Raja,2
1178,Dante_Alighieri,2
1179,Virgil,2
1191,Francis_of_Assisi,2
1193,Pope_John_XXIII,2
1204,Titian,2
1361,Francis_I_of_the_Two_Sicilies,2
1410,Muammar_Gaddafi,2
1505,Muhammad_Ali_Jinnah,2
1616,George_Bernard_Shaw,2
1669,Igor_Stravinsky,2
1670,Vladimir_Putin,2
1672,Nicholas_II_of_Russia,2
1747,Katarina_Srebotnik,2
1753,Ban_Ki-moon,2
1763,Salvador_Dalí,2
1764,Rafael_Nadal,2
1766,Miguel_de_Cervantes,2
1909,Jean-Jacques_Rousseau,2
1985,Elizabeth_II,2
2001,Isaac_Newton,2
2015,"Diana,_Princess_of_Wales",2
2017,Arthur_Conan_Doyle,2
2027,David_Cameron,2
2047,Jimmy_Page,2
2078,Saint_Patrick,2
2206,Robert_Fripp,2
2783,Bob_Dylan,2
2802,Jimi_Hendrix,2
2807,Beyoncé_Knowles,2
2832,Justin_Timberlake,2
2833,Marvin_Gaye,2
2838,Clint_Eastwood,2
2850,Thomas_Edison,2
2874,Johnny_Mercer,2
2878,Robert_F._Kennedy,2
2892,John_Coltrane,2
2899,Cyndi_Lauper,2
2924,"Sammy_Davis,_Jr.",2
2953,Katharine_Hepburn,2
2969,Bugs_Bunny,2
2973,Al_Pacino,2
3013,Benjamin_Harrison,2
3040,Jacqueline_Kennedy_Onassis,2
3042,Angelina_Jolie,2
3065,Clark_Gable,2
3111,Al_Capone,2
4875,What_a_Wonderful_World,2
4990,You_Oughta_Know,2
5056,Cambodia,2
5064,Malaysia,2
5068,Paraguay,2
5076,Slovenia,2
5101,England,2
5163,Ralph_Vaughan_Williams,2
5191,Julius_Caesar,2
5663,Talking_with_the_Taxman_about_Poetry,2
5990,Ultramega_OK,2
6236,Portrait_in_Jazz,2
6298,Use_Somebody,2
6455,"Forever,_Michael",2
6740,Paul_Simon,2
7006,Montserrat,2
7007,New_France,2
7015,Saint_Peter,2
7017,South_Africa,2
7060,Daisy_Bell,2
7299,Antichrist_Superstar,2
7396,Henry_Wadsworth_Longfellow,2
7521,John_Denver,2
7522,John_Lennon,2
7559,Israel,2
7746,Deck_the_Halls,2
8037,Merry_Christmas_Darling,2
8374,Stray_Cat_Strut,2
9042,Kingdom_of_the_Netherlands,2
9078,Duchy_of_Burgundy,2
9116,Andorra,2
9179,Nauru,2
9276,Kazakhstan,2
9289,The_Gambia,2
9312,Ethiopian_Empire,2
9337,Crimea,2
9820,The_Meanest_of_Times,2
9853,Red_Headed_Stranger,2
9930,Make_Me_Wanna_Die,2
10651,Big_Bad_John,2
10734,When_You_Believe,2
11165,Everyday_Is_a_Winding_Road,2
11379,Pope_Gregory_I,2
11388,GodWeenSatan:_The_Oneness,2
11541,Solomon,2
11693,Song_Dynasty,2
11702,Spanish_Florida,2
11737,Etruscan_civilization,2
11741,Free_City_of_Danzig,2
11806,Last_Name,2
11958,My_Wish,2
11971,19th_Nervous_Breakdown,2
12000,Confederation_of_the_Rhine,2
12012,Archduchy_of_Austria,2
12085,Smack_My_Bitch_Up,2
12122,Derg,2
12183,Japanese_occupation_of_Singapore,2
12249,Solid_State_Survivor,2
12408,The_Lonely_Goatherd,2
12458,Malacca_Sultanate,2
12474,Saxe-Gotha,2
12648,Hot_Buttered_Soul,2
12770,Teaser_and_the_Firecat,2
12970,Solid_Air,2
13039,Surrealistic_Pillow,2
13268,Up_for_the_Down_Stroke,2
13344,Drive-In_Saturday,2
13483,It_Feels_So_Good,2
13990,Anhalt-Bernburg,2
14098,The_Iron_Man:_The_Musical_by_Pete_Townshend,2
14429,Cinderella_Rockefella,2
15377,Rebel_Without_a_Pause,2
15990,Still_Fantasy,2
59,Rupert_Murdoch,1
61,Kevin_Rudd,1
141,Franz_Liszt,1
205,"Charles_V,_Holy_Roman_Emperor",1
285,Nelly_Furtado,1
289,Wayne_Gretzky,1
296,David_Foster,1
297,Sarah_McLachlan,1
299,Oscar_Peterson,1
448,Josip_Broz_Tito,1
561,Haile_Selassie_I,1
565,Napoleon,1
572,Maurice_Ravel,1
576,Nicolas_Sarkozy,1
586,Henri_Matisse,1
590,Alexandre_Dumas,1
593,Charles_Gounod,1
597,Giuseppe_Garibaldi,1
777,Albert_Einstein,1
779,George_Frideric_Handel,1
796,Otto_von_Bismarck,1
801,Bruce_Willis,1
807,Erwin_Rommel,1
1024,George_Orwell,1
1026,Indira_Gandhi,1
1153,Mohammad_Reza_Pahlavi,1
1154,Ruhollah_Khomeini,1
1172,Pliny_the_Elder,1
1189,Raphael,1
1195,Livy,1
1684,Yevgeny_Kafelnikov,1
1759,Francisco_Franco,1
1930,Freddie_Mercury,1
1933,Chulalongkorn,1
1934,Paradorn_Srichaphan,1
1986,Queen_Victoria,1
1987,Winston_Churchill,1
1992,Charles_I_of_England,1
1995,Charles_Darwin,1
2005,"Arthur_Wellesley,_1st_Duke_of_Wellington",1
2020,Lord_Byron,1
2028,Mary_I_of_England,1
2030,"Horatio_Nelson,_1st_Viscount_Nelson",1
2031,C._S._Lewis,1
2037,David_Lloyd_George,1
2038,Samuel_Johnson,1
2041,Robert_Louis_Stevenson,1
2049,Elizabeth_Taylor,1
2052,Edward_Elgar,1
2057,Jonathan_Swift,1
2058,Sean_Connery,1
2065,Samuel_Taylor_Coleridge,1
2075,John_Stuart_Mill,1
2076,William_Morris,1
2088,J._K._Rowling,1
2095,Peter_Sellers,1
2100,Kate_Bush,1
2106,H._H._Asquith,1
2107,Julie_Andrews,1
2117,Clement_Attlee,1
2118,John_Dryden,1
2119,Francis_Drake,1
2786,Abraham_Lincoln,1
2794,Theodore_Roosevelt,1
2800,Britney_Spears,1
2801,Ulysses_S._Grant,1
2812,Kanye_West,1
2819,Edgar_Allan_Poe,1
2820,Benjamin_Franklin,1
2821,Lady_Gaga,1
2834,Frank_Zappa,1
2843,H._P._Lovecraft,1
2845,Ernest_Hemingway,1
2847,Douglas_MacArthur,1
2849,Herbert_Hoover,1
2867,Nas,1
2870,John_Adams,1
2875,Babe_Ruth,1
2879,Tom_Cruise,1
2886,Calvin_Coolidge,1
2887,Benny_Goodman,1
2894,Stanley_Kubrick,1
2901,Ricky_Martin,1
2903,Michael_Jordan,1
2904,George_Lucas,1
2914,Bette_Midler,1
2916,Jack_Nicholson,1
2920,Sheryl_Crow,1
2957,Little_Richard,1
2963,Doris_Day,1
2972,Ralph_Nader,1
2986,Marilyn_Manson,1
2992,Philip_K._Dick,1
2993,Meat_Loaf,1
3004,Ezra_Pound,1
3025,Jay_Leno,1
3028,Liza_Minnelli,1
3038,Rush_Limbaugh,1
3045,William_Faulkner,1
3055,Henry_Fonda,1
3059,Otis_Redding,1
3062,Bruce_Lee,1
3077,William_Randolph_Hearst,1
3079,Cecil_B._DeMille,1
3080,Leonardo_DiCaprio,1
3081,Denzel_Washington,1
3088,Ron_Paul,1
4874,Images_and_Words,1
4927,The_Imagine_Project,1
4994,I_Want_to_Hold_Your_Hand,1
5054,From_Me_to_You,1
5055,Bulgaria,1
5059,Djibouti,1
5066,Ottoman_Empire,1
5067,Pakistan,1
5074,Scotland,1
5078,Superman,1
5080,Thailand,1
5084,The_Wall,1
5097,Croatia,1
5112,Moldova,1
5113,Morocco,1
5122,Senegal,1
5130,Master_of_Puppets,1
5141,Joseph_Goebbels,1
5144,La_Vie_en_rose,1
5151,Afghanistan,1
5180,Free_as_a_Bird,1
5184,Osama_bin_Laden,1
5301,The_Unauthorized_Biography_of_Reinhold_Messner,1
5303,Frosty_the_Snowman,1
5432,A_Quick_One,1
5469,Farewell_My_Summer_Love,1
5502,Black_and_Blue,1
5524,Elephunk,1
5619,Scratch_My_Back,1
5634,Born_to_Be_Alive,1
5638,"Hold_Me,_Thrill_Me,_Kiss_Me,_Kill_Me",1
5644,America_the_Beautiful,1
5742,Red_Rose_Speedway,1
5744,My_Heart_Will_Go_On,1
5798,Psalm_69:_The_Way_to_Succeed_and_the_Way_to_Suck_Eggs,1
5865,Live_in_Hyde_Park,1
5871,The_Don_Killuminati:_The_7_Day_Theory,1
5972,Girls_Just_Want_to_Have_Fun,1
5984,I_Never_Loved_a_Man_the_Way_I_Love_You,1
5985,Diesel_and_Dust,1
6153,In_the_Mood,1
6210,The_Head_on_the_Door,1
6354,Burt_Bacharach,1
6355,Nazi_Germany,1
6364,French_Fifth_Republic,1
6367,Akon,1
6368,Charles_II_of_England,1
6394,George_Harrison,1
6406,Egypt,1
6411,Italy,1
6427,Bosnia_and_Herzegovina,1
6433,Philippines,1
6435,Puerto_Rico,1
6440,Neil_Diamond,1
6467,There_There,1
6501,Un-Break_My_Heart,1
6551,From_Here_to_Eternity:_Live,1
6585,"Hello,_Goodbye",1
6631,Lay_Your_Hands_on_Me,1
6743,Sean_Combs,1
6750,Them_or_Us,1
6871,I_Just_Called_to_Say_I_Love_You,1
6909,Not_Gonna_Get_Us,1
6973,Bohemian_Rhapsody,1
6980,Christina_Aguilera,1
6981,Frank_Sinatra,1
6987,Alan_Moore,1
7008,OK_Computer,1
7012,Spider-Man,1
7018,South_Korea,1
7019,Soviet_Union,1
7020,Switzerland,1
7027,Animalize,1
7028,With_the_Lights_Out,1
7031,Smokey_Robinson,1
7119,Mighty_ReArranger,1
7190,Leave_Me_Alone,1
7287,Blue_Christmas,1
7307,Smoke_on_the_Water,1
7347,Diamond_Dogs,1
7510,Netherlands,1
7511,New_Zealand,1
7517,Hugo_Chávez,1
7520,Jerry_Lewis,1
7525,Like_a_Rolling_Stone,1
7543,United_States,1
7545,Whitney_Houston,1
7564,Marie_Antoinette,1
7567,Norway,1
7568,Panama,1
7582,Universal_Studios,1
7610,O._J._Simpson,1
7731,Disco_Inferno,1
7773,Heartaches_by_the_Number,1
7775,Bad_to_the_Bone,1
7873,My_Ding-a-Ling,1
7892,How_You_Remind_Me,1
7916,Youth_of_the_Nation,1
7982,One_Headlight,1
8019,By_the_Time_I_Get_to_Phoenix,1
8079,Vol._3..._Life_and_Times_of_S._Carter,1
8082,Manic_Monday,1
8181,Shop_Around,1
8400,Storms_of_Life,1
8803,Bizzar,1
8816,You_Are_Not_Alone,1
8886,Should_I_Stay_or_Should_I_Go,1
8912,Two_Steps_from_the_Move,1
9026,Basutoland,1
9036,Claudius,1
9043,Kiribati,1
9044,Mercosur,1
9045,Mongolia,1
9046,South_Ossetia,1
9056,German_East_Africa,1
9061,Nigeria,1
9064,Second_Spanish_Republic,1
9072,Baltic_states,1
9079,Orange_Free_State,1
9099,Saint_Helena,1
9100,United_Arab_Emirates,1
9102,William_IV_of_the_United_Kingdom,1
9125,Reorganized_National_Government_of_China,1
9163,Peter_the_Great,1
9219,International_Energy_Agency,1
9221,Korea_under_Japanese_rule,1
9223,Austria-Hungary,1
9227,Colin_Powell,1
9243,Equatorial_Guinea,1
9249,Gibraltar,1
9269,Kingdom_of_Ireland,1
9292,French_First_Republic,1
9295,South_African_Republic,1
9302,Palestinian_territories,1
9307,Congo_Free_State,1
9313,Korean_Empire,1
9319,Henrik_Ibsen,1
9325,Portuguese_India,1
9329,Augusto_Pinochet,1
9341,Polish–Lithuanian_Commonwealth,1
9428,Baby_by_Me,1
9481,Have_You_Ever_Seen_the_Rain?,1
9548,At_Last,1
9551,Evacuate_the_Dancefloor,1
9595,River_Deep_–_Mountain_High,1
9627,Pretty_Girl_Rock,1
9742,I_Put_a_Spell_on_You,1
10035,New_Netherland,1
10214,Thirteen_Colonies,1
10256,The_Execution_of_All_Things,1
10317,The_Makings_of_Me,1
10712,2_Become_1,1
10782,Mama_Said_Knock_You_Out,1
10919,Left_of_the_Middle,1
10955,Sexy_MF,1
10971,Hole_in_the_Head,1
10999,Up-Tight,1
11041,Making_Love_Out_of_Nothing_at_All,1
11050,Coming_Out_of_the_Dark,1
11115,Nice_&_Slow,1
11164,Border_Song,1
11246,Colony_of_Virginia,1
11255,Ukrainian_Soviet_Socialist_Republic,1
11268,The_Voice_of_Frank_Sinatra,1
11337,Benin_Empire,1
11339,French_Second_Republic,1
11370,Take_Five,1
11496,MTV_Unplugged:_Tony_Bennett,1
11569,Duchy_of_Warsaw,1
11572,If_I_Had_a_Hammer,1
11598,Early_modern_France,1
11609,Suicide_Is_Painless,1
11621,Bourbon_Restoration,1
11642,Jacob,1
11646,Caliphate_of_Córdoba,1
11664,Kingdom_of_Bavaria,1
11679,Dutch_Republic,1
11718,Northumbria,1
11719,Upper_Canada,1
11720,German_Confederation,1
11727,Bamana_Empire,1
11730,Kingdom_of_Jerusalem,1
11752,Seleucid_Empire,1
11774,A_Chipmunk_Christmas,1
11782,Jungleland,1
11849,One_Wild_Night_Live_1985–2001,1
11893,Because_the_Night,1
11910,Anytime_You_Need_a_Friend,1
11948,Stop_and_Smell_the_Roses,1
11955,Goodnight_Tonight,1
12005,United_Kingdom_of_the_Netherlands,1
12014,East_Francia,1
12026,Ayutthaya_Kingdom,1
12027,Kingdom_of_Westphalia,1
12066,Ostrogothic_Kingdom,1
12081,Rat_Trap,1
12084,The_Wheels_on_the_Bus,1
12104,Only_a_Northern_Song,1
12224,Vojvodina,1
12234,Ghaznavids,1
12269,Bavarian_Soviet_Republic,1
12303,Nagorno-Karabakh,1
12343,Beautiful_Vision,1
12420,Every_Grain_of_Sand,1
12424,Aq_Qoyunlu,1
12457,Solanki,1
12473,Bishopric_of_Lübeck,1
12617,Tried_and_True,1
12742,Hot_Streets,1
13196,Sonic_Attack,1
13404,Run_Through_the_Jungle,1
13427,Spanish_Harlem_Incident,1
13697,Lay_All_Your_Love_on_Me,1
13698,Every_Little_Bit_Hurts,1
13748,"Singles_Collection,_Volume_2",1
13768,Call_the_Man,1
13811,Saxe-Hildburghausen,1
13854,I_Pity_the_Fool,1
13875,Friday_on_My_Mind,1
14161,Achilles_Last_Stand,1
14345,Effigy_of_the_Forgotten,1
14450,Just_a_Day,1
14464,Crickets_Sing_for_Anamaria,1
14626,The_Black_Saint_and_the_Sinner_Lady,1
15257,Let_Me_Let_Go,1
15390,Slide_Away,1
15526,The_Hard_Road,1
15728,Electronic_Battle_Weapon,1
