"2012-12-20T05:49:00.324+00:00"|"1168231108515"|"91.223.132.248"|"Internet Explorer"|"About Jacques Chirac, servant, and soon entered polAbout Czechoslovakia, r 1918, when"|"86"
"2012-12-20T09:06:48.062+00:00"|"1168231108543"|"46.21.0.249"|"Internet Explorer"|"About Bamana Empire, ly also known as Fa Sine or Biton-si-u. The empire existed as a ce"|"87"
"2012-12-20T09:07:01.619+00:00"|"1168231108554"|"31.192.109.124"|"Internet Explorer"|"duh"|"3"
"2012-12-20T13:25:55.257+00:00"|"1168231107473"|"203.215.63.48"|"Firefox"|"About Egypt, gyptian Navy, Egyptian Air Force and EgyptianAbout Hannibal, ts in European"|"88"
"2012-12-20T14:19:57.551+00:00"|"1168231107517"|"203.215.63.48"|"Firefox"|"ok"|"2"
"2012-12-20T19:27:03.944+00:00"|"1168231108545"|"180.222.139.188"|"Internet Explorer"|"fine"|"4"
