1984,William_Shakespeare,8
1985,Elizabeth_II,8
6,Augustine_of_Hippo,7
139,Wolfgang_Amadeus_Mozart,6
781,Martin_Luther,6
588,John_Calvin,5
590,Alexandre_Dumas,5
777,Albert_Einstein,5
782,Friedrich_Nietzsche,5
974,Plutarch,5
1170,Augustus,5
1180,Thomas_Aquinas,5
1940,Paul_the_Apostle,5
2058,Sean_Connery,5
2794,Theodore_Roosevelt,5
7522,John_Lennon,5
11408,Justinian_I,5
458,Fidel_Castro,4
775,Pope_Benedict_XVI,4
1173,Cicero,4
1185,Pope_Leo_XIII,4
1749,J._R._R._Tolkien,4
1760,Philip_II_of_Spain,4
1988,Elizabeth_I_of_England,4
1992,Charles_I_of_England,4
1997,Eric_Clapton,4
2017,Arthur_Conan_Doyle,4
2031,C._S._Lewis,4
2782,Elvis_Presley,4
2785,John_F._Kennedy,4
2786,Abraham_Lincoln,4
2797,Thomas_Jefferson,4
2836,John_Wayne,4
5192,Mark_Antony,4
6413,Jesus,4
6740,Paul_Simon,4
6945,Aristotle,4
9058,Immanuel_Kant,4
9063,Ptolemy,4
9479,Cardinal_Richelieu,4
140,Arnold_Schwarzenegger,3
196,Max_Mirnyi,3
284,Avril_Lavigne,3
470,Franz_Kafka,3
545,Cleopatra_VII,3
585,Edward_IV_of_England,3
778,Karl_Marx,3
779,George_Frideric_Handel,3
806,Friedrich_Engels,3
808,Martin_Heidegger,3
973,Plato,3
978,Euripides,3
1021,Mohandas_Karamchand_Gandhi,3
1031,Leander_Paes,3
1164,Saint_George,3
1178,Dante_Alighieri,3
1195,Livy,3
1200,Juan_Carlos_I_of_Spain,3
1206,Niccolò_Machiavelli,3
1410,Muammar_Gaddafi,3
1532,Gloria_Macapagal-Arroyo,3
1545,Pope_John_Paul_II,3
1617,W._B._Yeats,3
1644,Béla_Bartók,3
1672,Nicholas_II_of_Russia,3
1763,Salvador_Dalí,3
1764,Rafael_Nadal,3
1989,Henry_VIII_of_England,3
1991,David_Bowie,3
1993,Tony_Blair,3
2003,Charlie_Chaplin,3
2008,Walter_Scott,3
2011,H._G._Wells,3
2023,John_Milton,3
2049,Elizabeth_Taylor,3
2056,Harold_Wilson,3
2067,Francis_Bacon,3
2088,J._K._Rowling,3
2777,George_W._Bush,3
2778,Barack_Obama,3
2783,Bob_Dylan,3
2788,George_Washington,3
2789,George_H._W._Bush,3
2795,Harry_S._Truman,3
2806,Snoop_Dogg,3
2819,Edgar_Allan_Poe,3
2823,Mark_Twain,3
2837,T._S._Eliot,3
2871,Dean_Martin,3
2872,Noam_Chomsky,3
2895,Robert_A._Heinlein,3
2945,Ne-Yo,3
2959,Humphrey_Bogart,3
2979,Jerry_Lee_Lewis,3
2991,Eleanor_Roosevelt,3
3000,Ralph_Waldo_Emerson,3
3001,Andy_Roddick,3
3024,Howard_Stern,3
3047,Kurt_Vonnegut,3
3053,Aaron_Copland,3
5063,Ludwig_van_Beethoven,3
5085,Voltaire,3
5163,Ralph_Vaughan_Williams,3
5191,Julius_Caesar,3
6368,Charles_II_of_England,3
6383,Andre_Agassi,3
6962,Saddam_Hussein,3
7509,Joseph_Stalin,3
9098,Saint_Andrew,3
0,Hamid_Karzai,2
3,Abbas_I_of_Persia,2
8,Jorge_Luis_Borges,2
60,Lleyton_Hewitt,2
138,Adolf_Hitler,2
146,Arnold_Schoenberg,2
206,Charlemagne,2
290,Brian_Mulroney,2
294,William_Lyon_Mackenzie_King,2
295,Jim_Carrey,2
449,Diocletian,2
565,Napoleon,2
573,Victor_Hugo,2
575,René_Descartes,2
576,Nicolas_Sarkozy,2
578,Jean-Paul_Sartre,2
579,Joan_of_Arc,2
580,Jacques_Chirac,2
584,"Gilbert_du_Motier,_marquis_de_Lafayette",2
596,Jean-Baptiste_Lamarck,2
774,Johann_Sebastian_Bach,2
783,"Wilhelm_II,_German_Emperor",2
785,Bertolt_Brecht,2
790,Georg_Wilhelm_Friedrich_Hegel,2
796,Otto_von_Bismarck,2
798,Friedrich_Schiller,2
804,Marlene_Dietrich,2
1174,Pope_Paul_VI,2
1179,Virgil,2
1181,Giacomo_Puccini,2
1184,Pope_Pius_IX,2
1186,Ovid,2
1191,Francis_of_Assisi,2
1193,Pope_John_XXIII,2
1198,Pope_Pius_X,2
1201,Horace,2
1205,Marcus_Aurelius,2
1454,Desiderius_Erasmus,2
1506,Manmohan_Singh,2
1524,Mariano_Rivera,2
1614,Oscar_Wilde,2
1615,James_Joyce,2
1674,Anton_Chekhov,2
1676,Alexander_Pushkin,2
1766,Miguel_de_Cervantes,2
1908,Roger_Federer,2
1910,Carl_Jung,2
1953,Leon_Trotsky,2
1954,Nikolay_Davydenko,2
1986,Queen_Victoria,2
1987,Winston_Churchill,2
1994,Margaret_Thatcher,2
1995,Charles_Darwin,2
2001,Isaac_Newton,2
2004,Gordon_Brown,2
2006,Rod_Stewart,2
2007,Ozzy_Osbourne,2
2018,Bob_Hope,2
2033,Keith_Richards,2
2040,Geoffrey_Chaucer,2
2041,Robert_Louis_Stevenson,2
2043,Neil_Gaiman,2
2044,"Anne,_Queen_of_Great_Britain",2
2045,Queen_Elizabeth_The_Queen_Mother,2
2048,John_Locke,2
2050,"Alfred,_Lord_Tennyson",2
2054,Jane_Austen,2
2059,William_Wordsworth,2
2072,Percy_Bysshe_Shelley,2
2078,Saint_Patrick,2
2089,Aldous_Huxley,2
2097,Harold_Pinter,2
2107,Julie_Andrews,2
2779,Bill_Clinton,2
2781,Franklin_D._Roosevelt,2
2787,Michael_Jackson,2
2790,Dwight_D._Eisenhower,2
2793,Lyndon_B._Johnson,2
2796,Roger_Ebert,2
2798,Stevie_Wonder,2
2799,Hillary_Rodham_Clinton,2
2801,Ulysses_S._Grant,2
2805,Woodrow_Wilson,2
2808,Johnny_Cash,2
2809,Bruce_Springsteen,2
2810,Eminem,2
2812,Kanye_West,2
2814,Steven_Spielberg,2
2825,Miles_Davis,2
2826,Barbra_Streisand,2
2827,Andrew_Jackson,2
2831,Jennifer_Lopez,2
2843,H._P._Lovecraft,2
2844,Orson_Welles,2
2845,Ernest_Hemingway,2
2848,Diana_Ross,2
2851,Richard_Rodgers,2
2864,Busta_Rhymes,2
2869,Lou_Reed,2
2870,John_Adams,2
2880,Muhammad_Ali,2
2885,Robert_De_Niro,2
2890,Ira_Gershwin,2
2898,Ted_Kennedy,2
2900,Robin_Williams,2
2928,Mel_Gibson,2
2929,Warren_G._Harding,2
2932,Condoleezza_Rice,2
2938,Roy_Orbison,2
2942,Hank_Williams,2
2951,Patti_Smith,2
2963,Doris_Day,2
2968,Ray_Bradbury,2
2969,Bugs_Bunny,2
2990,Steve_Martin,2
2997,James_Monroe,2
3009,Venus_Williams,2
3013,Benjamin_Harrison,2
3027,Lucille_Ball,2
3029,Nicolas_Cage,2
3043,Mickey_Rooney,2
3044,Jack_Kerouac,2
3046,Isaac_Hayes,2
3055,Henry_Fonda,2
3056,William_Henry_Harrison,2
3061,Tori_Amos,2
3077,William_Randolph_Hearst,2
3080,Leonardo_DiCaprio,2
3083,Bob_Dole,2
3089,Dennis_Hopper,2
3111,Al_Capone,2
4844,Simón_Bolívar,2
4847,Bertrand_Russell,2
4849,Henry_V_of_England,2
5067,Pakistan,2
5078,Superman,2
5114,Nat_King_Cole,2
5115,Nikita_Khrushchev,2
5117,Robert_Altman,2
5129,Charlie_Parker,2
5132,Alexander_Hamilton,2
5156,Ella_Fitzgerald,2
5158,Fyodor_Dostoyevsky,2
5170,Richard_Burton,2
5176,Isaac_Asimov,2
5183,Nelson_Mandela,2
5196,George_Strait,2
5753,Jerry_Garcia,2
6369,Cher,2
6394,George_Harrison,2
6405,Duke_Ellington,2
6449,Claude_Debussy,2
6964,Sophocles,2
6980,Christina_Aguilera,2
6999,James_Bond,2
7025,Mickey_Mouse,2
7032,Vincent_Price,2
7507,Charlton_Heston,2
7570,Ray_Charles,2
7572,Ringo_Starr,2
7582,Universal_Studios,2
7603,Roman_Polanski,2
9036,Claudius,2
9102,William_IV_of_the_United_Kingdom,2
9170,Alexander_the_Great,2
9177,Mary_Magdalene,2
9209,Governor-General_of_Australia,2
9310,George_IV_of_the_United_Kingdom,2
9319,Henrik_Ibsen,2
9474,Muhammad,2
10037,Joe_Lieberman,2
11247,Josephus,2
11254,Tacitus,2
11379,Pope_Gregory_I,2
11531,Hannibal,2
11537,Hadrian,2
11622,Constantine_the_Great,2
11628,Bede,2
11695,John_the_Baptist,2
11742,Jerome,2
12002,Eusebius_of_Caesarea,2
13818,Daniel_Nestor,2
9,Che_Guevara,1
59,Rupert_Murdoch,1
61,Kevin_Rudd,1
65,Nick_Cave,1
132,Judy_Davis,1
141,Franz_Liszt,1
148,Ludwig_Wittgenstein,1
149,"Charles_VI,_Holy_Roman_Emperor",1
246,Pelé,1
252,Pedro_II_of_Brazil,1
279,Bryan_Adams,1
280,Stephen_Harper,1
281,Joni_Mitchell,1
282,Pierre_Trudeau,1
283,Leonard_Cohen,1
285,Nelly_Furtado,1
291,Shania_Twain,1
292,Paul_Martin,1
296,David_Foster,1
299,Oscar_Peterson,1
410,Fernando_González,1
416,Chiang_Kai-shek,1
448,Josip_Broz_Tito,1
461,Celia_Cruz,1
468,Sigmund_Freud,1
469,Gustav_Mahler,1
472,Martina_Navratilova,1
523,Johan_Christian_Fabricius,1
540,Sammy_Sosa,1
543,Gamal_Abdel_Nasser,1
544,Yasser_Arafat,1
566,Louis_XIV_of_France,1
571,Henry_IV_of_France,1
572,Maurice_Ravel,1
581,Camille_Saint-Saëns,1
582,Hector_Berlioz,1
583,Louis_Philippe_I,1
587,Louis_IX_of_France,1
591,Richard_II_of_England,1
592,François_Mitterrand,1
593,Charles_Gounod,1
594,Michel_Foucault,1
595,Arnaud_Clément,1
598,Claude_Monet,1
788,George_II_of_Great_Britain,1
799,Peter_Paul_Rubens,1
801,Bruce_Willis,1
805,Albert_Günther,1
807,Erwin_Rommel,1
809,Paul_Hindemith,1
975,"Prince_Philip,_Duke_of_Edinburgh",1
1022,Rudyard_Kipling,1
1023,Jawaharlal_Nehru,1
1024,George_Orwell,1
1025,Cliff_Richard,1
1028,Pervez_Musharraf,1
1030,Aurangzeb,1
1032,Salman_Rushdie,1
1043,William_Makepeace_Thackeray,1
1153,Mohammad_Reza_Pahlavi,1
1155,Ali_Khamenei,1
1171,Benito_Mussolini,1
1172,Pliny_the_Elder,1
1175,Christopher_Columbus,1
1176,Leonardo_da_Vinci,1
1177,Pope_Pius_XII,1
1183,Michelangelo,1
1187,Galileo_Galilei,1
1188,Nero,1
1189,Raphael,1
1194,Silvio_Berlusconi,1
1202,Luciano_Pavarotti,1
1375,Yoko_Ono,1
1398,Hussein_of_Jordan,1
1401,Elena_Likhovtseva,1
1421,Carlos_Santana,1
1440,Miguel_Hidalgo_y_Costilla,1
1444,Genghis_Khan,1
1446,Ibn_Battuta,1
1451,Rembrandt,1
1504,Akbar,1
1505,Muhammad_Ali_Jinnah,1
1527,Alberto_Fujimori,1
1533,Ferdinand_Marcos,1
1546,Frédéric_Chopin,1
1547,Catherine_the_Great,1
1548,Nicolaus_Copernicus,1
1566,Marcin_Matkowski,1
1604,John_III_of_Portugal,1
1621,Bob_Geldof,1
1667,Vladimir_Lenin,1
1668,Pyotr_Ilyich_Tchaikovsky,1
1670,Vladimir_Putin,1
1671,Mikhail_Gorbachev,1
1673,Irving_Berlin,1
1679,Alexander_I_of_Russia,1
1680,Boris_Yeltsin,1
1687,Paul_I_of_Russia,1
1733,Patrick_Vieira,1
1747,Katarina_Srebotnik,1
1759,Francisco_Franco,1
1762,Maimonides,1
1765,Charles_III_of_Spain,1
1767,Ferdinand_II_of_Aragon,1
1769,Philip_IV_of_Spain,1
1771,Isabella_I_of_Castile,1
1863,Carl_Linnaeus,1
1916,Marc_Rosset,1
1930,Freddie_Mercury,1
1938,Zine_El_Abidine_Ben_Ali,1
1990,Elton_John,1
1996,Oliver_Cromwell,1
1998,"Charles,_Prince_of_Wales",1
1999,James_II_of_England,1
2002,Mick_Jagger,1
2005,"Arthur_Wellesley,_1st_Duke_of_Wellington",1
2010,Phil_Collins,1
2014,Edward_III_of_England,1
2020,Lord_Byron,1
2028,Mary_I_of_England,1
2029,William_Ewart_Gladstone,1
2030,"Horatio_Nelson,_1st_Viscount_Nelson",1
2034,Lewis_Carroll,1
2036,Agatha_Christie,1
2038,Samuel_Johnson,1
2046,Samuel_Beckett,1
2051,Henry_I_of_England,1
2052,Edward_Elgar,1
2053,David_Beckham,1
2057,Jonathan_Swift,1
2060,Arthur_C._Clarke,1
2065,Samuel_Taylor_Coleridge,1
2066,John_Major,1
2069,Morrissey,1
2070,John_Wesley,1
2074,George_Martin,1
2075,John_Stuart_Mill,1
2076,William_Morris,1
2077,P._G._Wodehouse,1
2080,Jeff_Beck,1
2083,John_Edward_Gray,1
2090,Donovan,1
2093,Graham_Greene,1
2094,Amy_Winehouse,1
2095,Peter_Sellers,1
2100,Kate_Bush,1
2105,John_A._Macdonald,1
2106,H._H._Asquith,1
2114,Christopher_Lee,1
2115,Thomas_More,1
2118,John_Dryden,1
2119,Francis_Drake,1
2123,Aleister_Crowley,1
2780,Ronald_Reagan,1
2791,Robert_Christgau,1
2792,Jimmy_Carter,1
2804,Jay-Z,1
2807,Beyoncé_Knowles,1
2813,Gerald_Ford,1
2816,Al_Gore,1
2817,Willie_Nelson,1
2820,Benjamin_Franklin,1
2822,James_Brown,1
2824,Bing_Crosby,1
2828,Dolly_Parton,1
2832,Justin_Timberlake,1
2833,Marvin_Gaye,1
2838,Clint_Eastwood,1
2846,Alice_Cooper,1
2849,Herbert_Hoover,1
2852,Ludacris,1
2854,Mary_J._Blige,1
2859,Judy_Garland,1
2865,Timbaland,1
2876,James_Madison,1
2878,Robert_F._Kennedy,1
2884,Oprah_Winfrey,1
2886,Calvin_Coolidge,1
2889,Will_Smith,1
2893,Beck,1
2894,Stanley_Kubrick,1
2899,Cyndi_Lauper,1
2903,Michael_Jordan,1
2904,George_Lucas,1
2905,Count_Basie,1
2907,Tony_Bennett,1
2908,Jack_Kirby,1
2916,Jack_Nicholson,1
2918,Joe_Biden,1
2926,The_Notorious_B.I.G.,1
2927,Paul_Newman,1
2930,Andrew_Johnson,1
2931,James_Stewart,1
2934,Fred_Astaire,1
2943,Joan_Baez,1
2949,Mel_Blanc,1
2953,Katharine_Hepburn,1
2957,Little_Richard,1
2961,Gwen_Stefani,1
2962,Eddie_Murphy,1
2966,Hal_Roach,1
2967,T-Pain,1
2973,Al_Pacino,1
2974,Chaka_Khan,1
2975,Nicole_Kidman,1
2976,John_Quincy_Adams,1
2983,John_Ford,1
2984,Wright_brothers,1
2985,Walt_Whitman,1
2986,Marilyn_Manson,1
2987,Buddy_Holly,1
2989,Serena_Williams,1
2994,Lil_Jon,1
2998,Oliver_Stone,1
2999,Henry_James,1
3004,Ezra_Pound,1
3005,Muddy_Waters,1
3010,Spike_Lee,1
3011,Robert_Redford,1
3014,Pete_Seeger,1
3018,Bonnie_Raitt,1
3020,Adam_Sandler,1
3022,Janis_Joplin,1
3023,Henry_Mancini,1
3025,Jay_Leno,1
3026,Tim_McGraw,1
3028,Liza_Minnelli,1
3033,D._W._Griffith,1
3035,Donald_Rumsfeld,1
3036,The_Everly_Brothers,1
3038,Rush_Limbaugh,1
3040,Jacqueline_Kennedy_Onassis,1
3041,F._Scott_Fitzgerald,1
3045,William_Faulkner,1
3048,Pharrell_Williams,1
3049,Lisa_Raymond,1
3050,Joan_Crawford,1
3054,Sean_Penn,1
3059,Otis_Redding,1
3060,Rutherford_B._Hayes,1
3064,Jermaine_Dupri,1
3066,John_Steinbeck,1
3069,Kid_Rock,1
3070,Harrison_Ford,1
3071,Luther_Vandross,1
3072,Zachary_Taylor,1
3073,Matt_Groening,1
3075,Joss_Whedon,1
3076,Johnny_Carson,1
3079,Cecil_B._DeMille,1
3087,Fat_Joe,1
3090,Dwayne_Johnson,1
3092,Gene_Autry,1
3096,James_K._Polk,1
3103,Drew_Barrymore,1
3108,James_Blake,1
3114,Martin_Van_Buren,1
4843,Andy_Ram,1
4865,Robert_Owen,1
4870,Robert_John_Mutt_Lange,1
4899,Sex_on_Fire,1
4955,Raw_Power,1
4966,Word_of_Mouf,1
4990,You_Oughta_Know,1
5119,Robert_Mugabe,1
5124,The_Unforgettable_Fire,1
5133,Sergei_Rachmaninoff,1
5142,Joseph_McCarthy,1
5147,Paul_McCartney,1
5159,Georges_Bizet,1
5162,Monty_Python,1
5174,Alexander_Pope,1
5178,The_Velvet_Underground_&_Nico,1
5182,Hybrid_Theory,1
5184,Osama_bin_Laden,1
5190,George_Armstrong_Custer,1
5193,Miley_Cyrus,1
5258,I_Should_Be_So_Lucky,1
5417,Hold_It_Against_Me,1
5445,Brian_Wilson,1
5449,Automatic_for_the_People,1
5456,In_Rainbows,1
5598,Got_to_Get_You_into_My_Life,1
5663,Talking_with_the_Taxman_about_Poetry,1
5673,Rising_Force,1
5699,A_Little_Less_Conversation,1
5727,OU812,1
5736,Touched_by_the_Hand_of_God,1
5766,Queen_on_Fire_–_Live_at_the_Bowl,1
5794,Another_View,1
5854,Laundry_Service,1
5886,Within_You_Without_You,1
5947,Everytime_You_Go_Away,1
5964,The_Logical_Song,1
6004,Video_Killed_the_Radio_Star,1
6050,From_Her_to_Eternity,1
6071,You_Really_Got_Me,1
6100,Longer,1
6133,Born_in_the_U.S.A.,1
6340,Birthday_Sex,1
6360,Johannes_Brahms,1
6361,Randy_Newman,1
6363,Aretha_Franklin,1
6365,Henry_David_Thoreau,1
6367,Akon,1
6377,Moby,1
6385,14th_Dalai_Lama,1
6395,Morgan_Freeman,1
6397,Stephen_King,1
6399,William_S._Burroughs,1
6404,David,1
6409,Homer,1
6418,Moses,1
6430,How_Deep_Is_Your_Love,1
6433,Philippines,1
6438,Dick_Cheney,1
6440,Neil_Diamond,1
6490,Raymond_v._Raymond,1
6545,This_Land_Is_Your_Land,1
6547,Dirty_Little_Secret,1
6623,You_Can_Call_Me_Al,1
6658,Garage_Inc.,1
6672,Welcome_to_Sky_Valley,1
6698,Immigrant_Song,1
6763,Shadow_Zone,1
6815,The_Masterplan,1
6817,Driving_Rain,1
6887,Wooly_Bully,1
6891,Upgrade_U,1
6931,Chuck_Berry,1
6933,John_Travolta,1
6940,Leonard_Bernstein,1
6950,Indonesia,1
6952,Let_It_Be,1
6954,Malcolm_X,1
6961,Ric_Flair,1
6976,Jean-Luc_Godard,1
6981,Frank_Sinatra,1
6982,Peter_Jackson,1
6985,Welcome_to_the_Black_Parade,1
6987,Alan_Moore,1
6989,Björk,1
6990,Bob_Marley,1
6991,Cary_Grant,1
6993,Dalai_Lama,1
7001,Kurt_Weill,1
7005,Mao_Zedong,1
7010,Pet_Sounds,1
7012,Spider-Man,1
7031,Smokey_Robinson,1
7089,Theme_from_Shaft,1
7109,Get_Lifted,1
7142,The_Streak,1
7148,Gold_Digger,1
7212,Fool_Again,1
7218,Danny_Boy,1
7252,All_I_Have_to_Do_Is_Dream,1
7283,Up_in_Smoke_Tour,1
7328,American_IV:_The_Man_Comes_Around,1
7335,With_a_Little_Help_from_My_Friends,1
7350,Far_Beyond_Driven,1
7380,Charles_Dickens,1
7396,Henry_Wadsworth_Longfellow,1
7407,Without_a_Net,1
7486,Carry_That_Weight,1
7501,Working_My_Way_Back_to_You,1
7512,Norman_Cook,1
7514,Saint_Nicholas,1
7516,William_Blake,1
7517,Hugo_Chávez,1
7523,John_McCain,1
7526,Tupac_Shakur,1
7534,Lindsay_Davenport,1
7545,Whitney_Houston,1
7547,Batman,1
7564,Marie_Antoinette,1
7580,Tarzan,1
7583,Use_Your_Illusion_I,1
7594,Akira_Kurosawa,1
7597,Made_of_Bricks,1
7601,Beatles_for_Sale,1
7604,Sherlock_Holmes,1
7610,O._J._Simpson,1
7683,Never_Too_Far/Hero_Medley,1
7689,Harlem_Shuffle,1
7694,Touch_My_Body,1
8047,Hip_to_Be_Square,1
8082,Manic_Monday,1
8130,Encomium:_A_Tribute_to_Led_Zeppelin,1
8135,Dancing_Machine,1
8138,Party_All_the_Time,1
8143,Some_Might_Say,1
8154,Choose_Love,1
8225,Long_Play_Album,1
8298,The_Evolution_of_Robin_Thicke,1
8342,"Have_You_Seen_Your_Mother,_Baby,_Standing_in_the_Shadow?",1
8372,You_Needed_Me,1
8424,Country_House,1
8503,I_Feel_Fine,1
8637,Play_That_Funky_Music,1
8736,Doctor_My_Eyes,1
8816,You_Are_Not_Alone,1
8862,The_Denial_Twist,1
8882,Pictures_of_Starving_Children_Sell_Records,1
8925,All_the_Roadrunning,1
9024,More_Oar:_A_Tribute_to_the_Skip_Spence_Album,1
9084,Marshall_Islands,1
9095,Richard_I_of_England,1
9141,Napoleon_III,1
9144,Gautama_Buddha,1
9174,Leo_Tolstoy,1
9188,Edward_II_of_England,1
9195,Hosni_Mubarak,1
9203,Rock_and_Roll_Music,1
9244,Frederick_the_Great,1
9261,George_III_of_the_United_Kingdom,1
9272,Henry_VI_of_England,1
9293,Robert_the_Bruce,1
9317,Edward_I_of_England,1
9333,Tokugawa_Ieyasu,1
9433,Oopsy_Daisy,1
9477,Saladin,1
9486,Edward_VI_of_England,1
9496,R.U.L.E.,1
9510,T.O.S:_Terminate_on_Sight,1
9638,"Laugh_Now,_Cry_Later",1
9709,Bridge_Over_Troubled_Water,1
9760,The_Way_You_Look_Tonight,1
9929,Consider_Me_Gone,1
9939,I_Wanna,1
10080,The_DeAndre_Way,1
10241,Proud_Mary,1
10289,Judy_at_Carnegie_Hall,1
10298,Where_Did_Our_Love_Go,1
10322,I_Dreamed_a_Dream,1
10368,You_Make_Me_Wanna...,1
10426,Make_You_Feel_My_Love,1
10449,Joseph_Smith,1
10513,Live_at_Massey_Hall_1971,1
10712,2_Become_1,1
10878,Ms._Kelly,1
10925,Bulletproof_Wallets,1
10951,1_Thing,1
10987,Leave_Right_Now,1
10991,How_Can_You_Mend_a_Broken_Heart,1
11235,Crying_Time,1
11236,The_Age_of_Plastic,1
11250,Abraham,1
11356,Sister_Ray,1
11375,Herodotus,1
11376,Alexander_von_Humboldt,1
11377,"Frederick_I,_Holy_Roman_Emperor",1
11388,GodWeenSatan:_The_Oneness,1
11474,Nut_Rocker,1
11515,Where_or_When,1
11557,Saint_Joseph,1
11572,If_I_Had_a_Hammer,1
11582,Left_Behind,1
11609,Suicide_Is_Painless,1
11625,"James,_son_of_Zebedee",1
11633,"Joseph_II,_Holy_Roman_Emperor",1
11743,Pompey,1
11745,Trajan,1
11824,Spoonful,1
11855,Constant_Craving,1
11919,Take_Me_Higher,1
12079,I_Need_to_Wake_Up,1
12273,Mahesh_Bhupathi,1
12296,Tommy_Robredo,1
12400,Roses_in_the_Snow,1
12444,Nobody_Told_Me,1
12646,Heaven_Tonight,1
12807,Power_to_All_Our_Friends,1
12976,Honky_Cat,1
13138,Oh_Happy_Day,1
13157,Meaty_Beaty_Big_and_Bouncy,1
13163,Walking_on_Thin_Ice,1
13375,You_Took_the_Words_Right_Out_of_My_Mouth,1
13459,Moseley_Shoals,1
13487,The_Land_of_Make_Believe,1
13735,Safe_at_Home,1
13775,Ladies_of_the_Canyon,1
13796,Where_Does_My_Heart_Beat_Now,1
13816,George_Albert_Boulenger,1
13833,Space_Jazz,1
13843,Ballad_of_a_Thin_Man,1
13870,Safe_as_Milk,1
14036,If_I_Rise,1
14189,When_the_Children_Cry,1
14353,The_John_Lennon_Collection,1
14610,Walk_Right_Back,1
14639,Tape_from_California,1
14791,Anne_Murray_Duets:_Friends_&_Legends,1
14812,Chiquitita,1
14956,Time_for_Annihilation,1
15036,Gimme_Some_Truth,1
15209,Have_One_on_Me,1
15558,Restored,1
