182,Album,5061
342,Single,4311
211,Person,1530
62,Country,1000
115,MusicalArtist,899
180,Song,529
349,OfficeHolder,438
59,TennisPlayer,394
88,Writer,359
336,BritishRoyalty,305
279,Scientist,125
82,Philosopher,88
250,Artist,79
3,MilitaryPerson,77
96,Comedian,67
233,EurovisionSongContestEntry,56
332,ChristianBishop,49
57,President,48
74,SoccerPlayer,48
94,SoccerManager,45
310,BaseballPlayer,42
141,NascarDriver,40
193,Saint,40
98,Monarch,36
97,ComicsCreator,34
0,Thing,32
104,AmericanFootballPlayer,32
148,PrimeMinister,32
37,FormulaOneRacer,29
219,Senator,27
354,BasketballPlayer,24
24,Cricketer,23
212,Architect,20
95,Politician,16
191,GolfPlayer,14
13,IceHockeyPlayer,13
347,Governor,13
72,Boxer,11
226,Judge,11
167,Congressman,9
200,Actor,8
295,FictionalCharacter,7
287,Criminal,6
330,MemberOfParliament,6
149,Athlete,5
302,ComicsCharacter,5
43,Wrestler,4
152,SnookerChamp,4
319,Cyclist,4
77,CollegeCoach,3
112,SnookerPlayer,3
173,Model,3
355,Chancellor,3
41,Company,2
61,Band,2
230,MartialArtist,2
339,Astronaut,2
46,AdultActor,1
47,GridironFootballPlayer,1
145,Film,1
242,SportsTeamMember,1
243,MilitaryUnit,1
