540,Kingfisher_Red,2
544,Deccan_Aviation,2
890,Airblue,2
919,Shanxi_Airlines,2
938,Tibet_Airlines,2
1,Balkh_Airlines,1
3,MarcoPolo_Airways,1
8,Khalifa_Airways,1
22,Austral_Líneas_Aéreas,1
26,LADE,1
30,Andes_Líneas_Aéreas,1
293,Air_Adriatic,1
296,Cubana_de_Aviación,1
298,Aerogaviota,1
444,LTU_International,1
453,Lufthansa_Cargo,1
457,Germania_(airline),1
459,Blue_Wings,1
481,Nightexpress,1
483,OCA_International,1
489,Jet_Executive_International_Charter,1
496,Mediterranean_Air_Freight,1
507,GainJet_Aviation,1
514,Olympic_Air,1
541,Air_India_Express,1
546,TajAir,1
548,MDLR_Airlines,1
550,Himalayan_Aviation,1
553,Deccan_360,1
554,Air_India,1
589,Iran_Air,1
591,Kish_Air,1
593,Iranian_Airlines,1
603,Fars_Air_Qeshm,1
637,Mistral_Air,1
644,Air_Italy,1
657,VolaSalerno,1
663,Skybridge_AirOps,1
666,All_Nippon_Airways,1
670,Japan_Transocean_Air,1
680,StarFlyer,1
775,Air_Mauritanie,1
776,Mauritania_Airways,1
778,Mexicana_de_Aviación,1
779,Aeromar,1
780,Líneas_Aéreas_Azteca,1
781,Aero_California,1
785,AeroUnion,1
787,Aeropostal_Cargo_de_México,1
789,Avolar,1
792,Interjet,1
798,Aerodavinci,1
799,Aladia_Airlines,1
800,Republicair,1
807,MexicanaLink,1
808,ARD_Charters,1
811,Tandem_Aero,1
815,Aero_Mongolia,1
888,Aero_Asia_International,1
889,Pearl_Air,1
891,Shaheen_Air,1
892,Safe_Air,1
894,Royal_Airlines,1
908,Shenzhen_Airlines,1
909,Xiamen_Airlines,1
912,China_Postal_Airlines,1
913,Okay_Airways,1
924,Air_China_Cargo,1
925,China_Flying_Dragon_Aviation,1
928,Shanghai_Airlines_Cargo,1
932,Shenzhen_Donghai_Airlines,1
933,East_Star_Airlines,1
970,Centralwings,1
972,Aerogryf,1
974,Jet_Air,1
978,Exin,1
999,Culebra_Air_Services,1
1027,Dalavia,1
1033,Orenair,1
1043,Atlant-Soyuz_Airlines,1
1046,Aviaenergo,1
1056,Perm_Airlines,1
1136,Adria_Airways,1
1227,Aero_Lanka,1
1228,Expo_Aviation,1
1229,Mihin_Lanka,1
1230,Deccan_Lanka,1
1248,SwedJet_Airways,1
1331,Freebird_Airlines,1
1333,Atlasjet,1
1337,Sky_Airlines,1
1340,IZair,1
1341,Tarhan_Tower_Airlines,1
1564,Airways_International_Cymru,1
1566,Veritair,1
1572,Zambia_Skyways,1
1573,Proflight_Commuter_Services,1
1574,Zambezi_Airlines,1
