2012-12-18T00:00:00.000Z,11531,Hannibal,6
2012-12-14T00:00:00.000Z,5114,Nat_King_Cole,5
2012-11-17T00:00:00.000Z,11531,Hannibal,4
2012-12-21T00:00:00.000Z,0,Hamid_Karzai,4
2011-06-24T00:00:00.000Z,12295,Frisia,3
2011-10-07T00:00:00.000Z,9034,Bukovina,3
2011-10-12T00:00:00.000Z,1524,Mariano_Rivera,3
2012-02-17T00:00:00.000Z,6107,Just_Be_Good_to_Green,3
2012-09-25T00:00:00.000Z,2788,George_Washington,3
2012-10-01T00:00:00.000Z,1449,Hicham_Arazi,3
2012-10-01T00:00:00.000Z,2815,Walt_Disney,3
2012-10-14T00:00:00.000Z,1454,Desiderius_Erasmus,3
2012-11-12T00:00:00.000Z,540,Sammy_Sosa,3
2012-11-12T00:00:00.000Z,7555,France,3
2012-11-12T00:00:00.000Z,9147,League_of_Nations,3
2012-11-19T00:00:00.000Z,11531,Hannibal,3
2012-12-14T00:00:00.000Z,1164,Saint_George,3
2012-12-17T00:00:00.000Z,1532,Gloria_Macapagal-Arroyo,3
2011-02-15T00:00:00.000Z,2206,Robert_Fripp,2
2011-03-27T00:00:00.000Z,1860,Sanath_Jayasuriya,2
2011-06-24T00:00:00.000Z,1502,Edvard_Munch,2
2011-06-24T00:00:00.000Z,5106,Iceland,2
2011-10-06T00:00:00.000Z,540,Sammy_Sosa,2
2011-10-06T00:00:00.000Z,810,Jackson_Browne,2
2011-10-06T00:00:00.000Z,2110,John_Ruskin,2
2011-10-07T00:00:00.000Z,4975,Niandra_Lades_and_Usually_Just_a_T-Shirt,2
2011-10-07T00:00:00.000Z,7555,France,2
2011-10-12T00:00:00.000Z,1763,Salvador_Dalí,2
2011-10-12T00:00:00.000Z,7396,Henry_Wadsworth_Longfellow,2
2011-12-29T00:00:00.000Z,139,Wolfgang_Amadeus_Mozart,2
2011-12-29T00:00:00.000Z,292,Paul_Martin,2
2011-12-29T00:00:00.000Z,5132,Alexander_Hamilton,2
2012-02-09T00:00:00.000Z,2110,John_Ruskin,2
2012-02-09T00:00:00.000Z,4975,Niandra_Lades_and_Usually_Just_a_T-Shirt,2
2012-02-09T00:00:00.000Z,12249,Solid_State_Survivor,2
2012-02-16T00:00:00.000Z,804,Marlene_Dietrich,2
2012-02-16T00:00:00.000Z,5652,A_Day_in_the_Life,2
2012-02-16T00:00:00.000Z,7015,Saint_Peter,2
2012-02-16T00:00:00.000Z,11410,Louis_XVIII_of_France,2
2012-02-17T00:00:00.000Z,1204,Titian,2
2012-02-17T00:00:00.000Z,2802,Jimi_Hendrix,2
2012-02-17T00:00:00.000Z,8037,Merry_Christmas_Darling,2
2012-03-17T00:00:00.000Z,7005,Mao_Zedong,2
2012-05-18T00:00:00.000Z,132,Judy_Davis,2
2012-05-19T00:00:00.000Z,1164,Saint_George,2
2012-07-18T00:00:00.000Z,470,Franz_Kafka,2
2012-07-18T00:00:00.000Z,4844,Simón_Bolívar,2
2012-07-18T00:00:00.000Z,9323,Achaemenid_Empire,2
2012-07-20T00:00:00.000Z,1404,Peter_Hain,2
2012-07-20T00:00:00.000Z,2017,Arthur_Conan_Doyle,2
2012-07-20T00:00:00.000Z,9039,Guernsey,2
2012-07-21T00:00:00.000Z,5102,Estonia,2
2012-07-21T00:00:00.000Z,5126,Uruguay,2
2012-07-21T00:00:00.000Z,14734,Moods_of_Marvin_Gaye,2
2012-08-24T00:00:00.000Z,543,Gamal_Abdel_Nasser,2
2012-08-25T00:00:00.000Z,11307,Neo-Babylonian_Empire,2
2012-08-31T00:00:00.000Z,458,Fidel_Castro,2
2012-08-31T00:00:00.000Z,5170,Richard_Burton,2
2012-09-22T00:00:00.000Z,1771,Isabella_I_of_Castile,2
2012-09-22T00:00:00.000Z,2860,Frank_Lloyd_Wright,2
2012-09-22T00:00:00.000Z,7860,The_30th_Anniversary_Concert_Celebration,2
2012-09-25T00:00:00.000Z,1909,Jean-Jacques_Rousseau,2
2012-10-01T00:00:00.000Z,7299,Antichrist_Superstar,2
2012-10-02T00:00:00.000Z,1164,Saint_George,2
2012-10-14T00:00:00.000Z,13990,Anhalt-Bernburg,2
2012-10-27T00:00:00.000Z,1454,Desiderius_Erasmus,2
2012-10-31T00:00:00.000Z,6,Augustine_of_Hippo,2
2012-11-01T00:00:00.000Z,6,Augustine_of_Hippo,2
2012-11-01T00:00:00.000Z,1197,Antonio_Vivaldi,2
2012-11-07T00:00:00.000Z,781,Martin_Luther,2
2012-11-07T00:00:00.000Z,3024,Howard_Stern,2
2012-11-07T00:00:00.000Z,5191,Julius_Caesar,2
2012-11-07T00:00:00.000Z,9042,Kingdom_of_the_Netherlands,2
2012-11-07T00:00:00.000Z,11702,Spanish_Florida,2
2012-11-07T00:00:00.000Z,13818,Daniel_Nestor,2
2012-11-12T00:00:00.000Z,11459,Heart_Like_a_Wheel,2
2012-11-12T00:00:00.000Z,15377,Rebel_Without_a_Pause,2
2012-11-13T00:00:00.000Z,470,Franz_Kafka,2
2012-11-13T00:00:00.000Z,4844,Simón_Bolívar,2
2012-11-13T00:00:00.000Z,6236,Portrait_in_Jazz,2
2012-11-14T00:00:00.000Z,2811,John_Kerry,2
2012-11-14T00:00:00.000Z,2994,Lil_Jon,2
2012-11-15T00:00:00.000Z,1023,Jawaharlal_Nehru,2
2012-11-15T00:00:00.000Z,2815,Walt_Disney,2
2012-11-15T00:00:00.000Z,2833,Marvin_Gaye,2
2012-11-15T00:00:00.000Z,6455,"Forever,_Michael",2
2012-11-16T00:00:00.000Z,5114,Nat_King_Cole,2
2012-11-17T00:00:00.000Z,3013,Benjamin_Harrison,2
2012-11-17T00:00:00.000Z,11695,John_the_Baptist,2
2012-11-23T00:00:00.000Z,9479,Cardinal_Richelieu,2
2012-11-24T00:00:00.000Z,9262,Mughal_Empire,2
2012-11-29T00:00:00.000Z,458,Fidel_Castro,2
2012-11-29T00:00:00.000Z,2050,"Alfred,_Lord_Tennyson",2
2012-12-05T00:00:00.000Z,11531,Hannibal,2
2012-12-10T00:00:00.000Z,5663,Talking_with_the_Taxman_about_Poetry,2
2012-12-10T00:00:00.000Z,12970,Solid_Air,2
2012-12-13T00:00:00.000Z,580,Jacques_Chirac,2
2012-12-14T00:00:00.000Z,7505,Trinidad_and_Tobago,2
2012-12-15T00:00:00.000Z,11531,Hannibal,2
2012-12-15T00:00:00.000Z,13344,Drive-In_Saturday,2
2012-12-16T00:00:00.000Z,7505,Trinidad_and_Tobago,2
2012-12-18T00:00:00.000Z,580,Jacques_Chirac,2
2012-12-18T00:00:00.000Z,3026,Tim_McGraw,2
2012-12-18T00:00:00.000Z,6424,Spain,2
2012-12-18T00:00:00.000Z,6426,Wales,2
2012-12-18T00:00:00.000Z,9284,San_Marino,2
2012-12-18T00:00:00.000Z,11958,My_Wish,2
2012-12-18T00:00:00.000Z,11971,19th_Nervous_Breakdown,2
2012-12-18T00:00:00.000Z,12770,Teaser_and_the_Firecat,2
2012-12-19T00:00:00.000Z,580,Jacques_Chirac,2
2012-12-21T00:00:00.000Z,12474,Saxe-Gotha,2
2012-12-22T00:00:00.000Z,11531,Hannibal,2
2012-12-23T00:00:00.000Z,11531,Hannibal,2
2012-12-25T00:00:00.000Z,7006,Montserrat,2
2012-12-29T00:00:00.000Z,1988,Elizabeth_I_of_England,2
2012-12-29T00:00:00.000Z,5114,Nat_King_Cole,2
2012-12-29T00:00:00.000Z,12183,Japanese_occupation_of_Singapore,2
2012-12-30T00:00:00.000Z,139,Wolfgang_Amadeus_Mozart,2
2012-12-30T00:00:00.000Z,9853,Red_Headed_Stranger,2
2012-12-31T00:00:00.000Z,1184,Pope_Pius_IX,2
2012-12-31T00:00:00.000Z,11531,Hannibal,2
2010-02-23T00:00:00.000Z,975,"Prince_Philip,_Duke_of_Edinburgh",1
2010-02-23T00:00:00.000Z,1747,Katarina_Srebotnik,1
2010-02-23T00:00:00.000Z,9223,Austria-Hungary,1
2010-02-23T00:00:00.000Z,12408,The_Lonely_Goatherd,1
2010-02-23T00:00:00.000Z,13768,Call_the_Man,1
2010-04-28T00:00:00.000Z,1502,Edvard_Munch,1
2010-04-28T00:00:00.000Z,2973,Al_Pacino,1
2010-04-28T00:00:00.000Z,5106,Iceland,1
2010-04-28T00:00:00.000Z,5159,Georges_Bizet,1
2010-04-28T00:00:00.000Z,6433,Philippines,1
2010-04-28T00:00:00.000Z,12295,Frisia,1
2010-04-28T00:00:00.000Z,14098,The_Iron_Man:_The_Musical_by_Pete_Townshend,1
2010-11-16T00:00:00.000Z,6,Augustine_of_Hippo,1
2010-11-21T00:00:00.000Z,59,Rupert_Murdoch,1
2010-11-21T00:00:00.000Z,1093,Yuvan_Shankar_Raja,1
2010-11-21T00:00:00.000Z,5059,Djibouti,1
2010-11-21T00:00:00.000Z,6435,Puerto_Rico,1
2010-11-21T00:00:00.000Z,10256,The_Execution_of_All_Things,1
2010-11-22T00:00:00.000Z,413,Paul_Capdeville,1
2010-11-22T00:00:00.000Z,780,Johann_Wolfgang_von_Goethe,1
2010-11-22T00:00:00.000Z,5090,Algeria,1
2010-11-22T00:00:00.000Z,11459,Heart_Like_a_Wheel,1
2010-11-22T00:00:00.000Z,12420,Every_Grain_of_Sand,1
2010-11-24T00:00:00.000Z,1093,Yuvan_Shankar_Raja,1
2010-11-24T00:00:00.000Z,2860,Frank_Lloyd_Wright,1
2010-11-24T00:00:00.000Z,2924,"Sammy_Davis,_Jr.",1
2010-11-24T00:00:00.000Z,7860,The_30th_Anniversary_Concert_Celebration,1
2010-12-31T00:00:00.000Z,1933,Chulalongkorn,1
2010-12-31T00:00:00.000Z,2095,Peter_Sellers,1
2010-12-31T00:00:00.000Z,5180,Free_as_a_Bird,1
2010-12-31T00:00:00.000Z,11893,Because_the_Night,1
2010-12-31T00:00:00.000Z,15257,Let_Me_Let_Go,1
2011-01-04T00:00:00.000Z,1154,Ruhollah_Khomeini,1
2011-01-04T00:00:00.000Z,1930,Freddie_Mercury,1
2011-01-04T00:00:00.000Z,3077,William_Randolph_Hearst,1
2011-01-04T00:00:00.000Z,5229,Ghosts_I–IV,1
2011-01-04T00:00:00.000Z,8882,Pictures_of_Starving_Children_Sell_Records,1
2011-02-15T00:00:00.000Z,2899,Cyndi_Lauper,1
2011-02-15T00:00:00.000Z,2947,Reba_McEntire,1
2011-02-15T00:00:00.000Z,6393,Czechoslovakia,1
2011-02-15T00:00:00.000Z,7287,Blue_Christmas,1
2011-02-15T00:00:00.000Z,9043,Kiribati,1
2011-02-15T00:00:00.000Z,10919,Left_of_the_Middle,1
2011-02-15T00:00:00.000Z,11165,Everyday_Is_a_Winding_Road,1
2011-02-15T00:00:00.000Z,11642,Jacob,1
2011-02-15T00:00:00.000Z,13124,Lonely_Days,1
2011-03-27T00:00:00.000Z,2027,David_Cameron,1
2011-03-27T00:00:00.000Z,2785,John_F._Kennedy,1
2011-03-27T00:00:00.000Z,5126,Uruguay,1
2011-03-27T00:00:00.000Z,6298,Use_Somebody,1
2011-03-27T00:00:00.000Z,6347,Drop_the_World,1
2011-03-27T00:00:00.000Z,9930,Make_Me_Wanna_Die,1
2011-03-27T00:00:00.000Z,14429,Cinderella_Rockefella,1
2011-03-27T00:00:00.000Z,14734,Moods_of_Marvin_Gaye,1
2011-03-27T00:00:00.000Z,15191,Having_a_Rave_Up,1
2011-03-29T00:00:00.000Z,470,Franz_Kafka,1
2011-03-29T00:00:00.000Z,798,Friedrich_Schiller,1
2011-03-29T00:00:00.000Z,1676,Alexander_Pushkin,1
2011-03-29T00:00:00.000Z,11388,GodWeenSatan:_The_Oneness,1
2011-04-22T00:00:00.000Z,470,Franz_Kafka,1
2011-04-22T00:00:00.000Z,2044,"Anne,_Queen_of_Great_Britain",1
2011-04-22T00:00:00.000Z,4844,Simón_Bolívar,1
2011-06-24T00:00:00.000Z,561,Haile_Selassie_I,1
2011-06-24T00:00:00.000Z,2015,"Diana,_Princess_of_Wales",1
2011-06-24T00:00:00.000Z,2973,Al_Pacino,1
2011-06-24T00:00:00.000Z,5056,Cambodia,1
2011-06-24T00:00:00.000Z,5084,The_Wall,1
2011-06-24T00:00:00.000Z,5159,Georges_Bizet,1
2011-06-24T00:00:00.000Z,5502,Black_and_Blue,1
2011-06-24T00:00:00.000Z,7017,South_Africa,1
2011-06-24T00:00:00.000Z,9227,Colin_Powell,1
2011-06-24T00:00:00.000Z,9325,Portuguese_India,1
2011-06-24T00:00:00.000Z,10734,When_You_Believe,1
2011-06-24T00:00:00.000Z,11774,A_Chipmunk_Christmas,1
2011-06-24T00:00:00.000Z,11782,Jungleland,1
2011-06-24T00:00:00.000Z,11806,Last_Name,1
2011-06-24T00:00:00.000Z,14098,The_Iron_Man:_The_Musical_by_Pete_Townshend,1
2011-07-22T00:00:00.000Z,1505,Muhammad_Ali_Jinnah,1
2011-07-22T00:00:00.000Z,2104,John_Gielgud,1
2011-07-22T00:00:00.000Z,5229,Ghosts_I–IV,1
2011-07-22T00:00:00.000Z,8882,Pictures_of_Starving_Children_Sell_Records,1
2011-07-22T00:00:00.000Z,9337,Crimea,1
2011-07-28T00:00:00.000Z,139,Wolfgang_Amadeus_Mozart,1
2011-07-28T00:00:00.000Z,781,Martin_Luther,1
2011-07-28T00:00:00.000Z,7517,Hugo_Chávez,1
2011-07-28T00:00:00.000Z,10712,2_Become_1,1
2011-08-14T00:00:00.000Z,139,Wolfgang_Amadeus_Mozart,1
2011-08-14T00:00:00.000Z,2778,Barack_Obama,1
2011-08-14T00:00:00.000Z,2783,Bob_Dylan,1
2011-08-14T00:00:00.000Z,2785,John_F._Kennedy,1
2011-08-14T00:00:00.000Z,2959,Humphrey_Bogart,1
2011-08-14T00:00:00.000Z,3040,Jacqueline_Kennedy_Onassis,1
2011-09-13T00:00:00.000Z,283,Leonard_Cohen,1
2011-10-06T00:00:00.000Z,1998,"Charles,_Prince_of_Wales",1
2011-10-06T00:00:00.000Z,5163,Ralph_Vaughan_Williams,1
2011-10-06T00:00:00.000Z,11255,Ukrainian_Soviet_Socialist_Republic,1
2011-10-07T00:00:00.000Z,540,Sammy_Sosa,1
2011-10-07T00:00:00.000Z,1670,Vladimir_Putin,1
2011-10-07T00:00:00.000Z,5167,Democratic_Republic_of_the_Congo,1
2011-10-07T00:00:00.000Z,5644,America_the_Beautiful,1
2011-10-07T00:00:00.000Z,8400,Storms_of_Life,1
2011-10-07T00:00:00.000Z,9313,Korean_Empire,1
2011-10-07T00:00:00.000Z,9481,Have_You_Ever_Seen_the_Rain?,1
2011-10-07T00:00:00.000Z,11718,Northumbria,1
2011-10-07T00:00:00.000Z,11955,Goodnight_Tonight,1
2011-10-11T00:00:00.000Z,1186,Ovid,1
2011-10-11T00:00:00.000Z,1404,Peter_Hain,1
2011-10-11T00:00:00.000Z,2808,Johnny_Cash,1
2011-10-11T00:00:00.000Z,2811,John_Kerry,1
2011-10-11T00:00:00.000Z,5064,Malaysia,1
2011-10-11T00:00:00.000Z,5152,Alicia_Keys,1
2011-10-11T00:00:00.000Z,9147,League_of_Nations,1
2011-10-11T00:00:00.000Z,10651,Big_Bad_John,1
2011-10-11T00:00:00.000Z,11541,Solomon,1
2011-10-12T00:00:00.000Z,804,Marlene_Dietrich,1
2011-10-12T00:00:00.000Z,1404,Peter_Hain,1
2011-10-12T00:00:00.000Z,3111,Al_Capone,1
2011-10-12T00:00:00.000Z,6951,John_Cage,1
2011-10-12T00:00:00.000Z,7567,Norway,1
2011-10-12T00:00:00.000Z,9039,Guernsey,1
2011-10-12T00:00:00.000Z,11410,Louis_XVIII_of_France,1
2011-10-12T00:00:00.000Z,11646,Caliphate_of_Córdoba,1
2011-10-12T00:00:00.000Z,11693,Song_Dynasty,1
2011-10-12T00:00:00.000Z,12085,Smack_My_Bitch_Up,1
2011-10-12T00:00:00.000Z,13483,It_Feels_So_Good,1
2011-10-12T00:00:00.000Z,15390,Slide_Away,1
2011-10-16T00:00:00.000Z,1410,Muammar_Gaddafi,1
2011-10-16T00:00:00.000Z,2845,Ernest_Hemingway,1
2011-10-16T00:00:00.000Z,4844,Simón_Bolívar,1
2011-10-16T00:00:00.000Z,9219,International_Energy_Agency,1
2011-10-16T00:00:00.000Z,12000,Confederation_of_the_Rhine,1
2011-10-16T00:00:00.000Z,13039,Surrealistic_Pillow,1
2011-11-20T00:00:00.000Z,1024,George_Orwell,1
2011-11-20T00:00:00.000Z,1186,Ovid,1
2011-11-20T00:00:00.000Z,1404,Peter_Hain,1
2011-11-20T00:00:00.000Z,2020,Lord_Byron,1
2011-11-20T00:00:00.000Z,2027,David_Cameron,1
2011-11-20T00:00:00.000Z,2808,Johnny_Cash,1
2011-11-20T00:00:00.000Z,2811,John_Kerry,1
2011-11-20T00:00:00.000Z,2867,Nas,1
2011-11-20T00:00:00.000Z,3055,Henry_Fonda,1
2011-11-20T00:00:00.000Z,5101,England,1
2011-11-20T00:00:00.000Z,5152,Alicia_Keys,1
2011-11-20T00:00:00.000Z,5865,Live_in_Hyde_Park,1
2011-11-20T00:00:00.000Z,6298,Use_Somebody,1
2011-11-20T00:00:00.000Z,6367,Akon,1
2011-11-20T00:00:00.000Z,7012,Spider-Man,1
2011-11-20T00:00:00.000Z,9125,Reorganized_National_Government_of_China,1
2011-11-20T00:00:00.000Z,9276,Kazakhstan,1
2011-11-20T00:00:00.000Z,9930,Make_Me_Wanna_Die,1
2011-11-20T00:00:00.000Z,11752,Seleucid_Empire,1
2011-11-20T00:00:00.000Z,14429,Cinderella_Rockefella,1
2011-12-01T00:00:00.000Z,470,Franz_Kafka,1
2011-12-01T00:00:00.000Z,1031,Leander_Paes,1
2011-12-01T00:00:00.000Z,1764,Rafael_Nadal,1
2011-12-01T00:00:00.000Z,2994,Lil_Jon,1
2011-12-29T00:00:00.000Z,2783,Bob_Dylan,1
2011-12-29T00:00:00.000Z,3042,Angelina_Jolie,1
2011-12-29T00:00:00.000Z,11268,The_Voice_of_Frank_Sinatra,1
2012-01-17T00:00:00.000Z,1753,Ban_Ki-moon,1
2012-01-17T00:00:00.000Z,1860,Sanath_Jayasuriya,1
2012-01-17T00:00:00.000Z,2044,"Anne,_Queen_of_Great_Britain",1
2012-01-17T00:00:00.000Z,2785,John_F._Kennedy,1
2012-01-17T00:00:00.000Z,2811,John_Kerry,1
2012-01-17T00:00:00.000Z,5126,Uruguay,1
2012-01-17T00:00:00.000Z,5152,Alicia_Keys,1
2012-01-17T00:00:00.000Z,5159,Georges_Bizet,1
2012-01-17T00:00:00.000Z,6347,Drop_the_World,1
2012-01-17T00:00:00.000Z,6631,Lay_Your_Hands_on_Me,1
2012-01-17T00:00:00.000Z,7347,Diamond_Dogs,1
2012-01-17T00:00:00.000Z,9147,League_of_Nations,1
2012-01-17T00:00:00.000Z,10314,Love_Today,1
2012-01-17T00:00:00.000Z,11541,Solomon,1
2012-01-17T00:00:00.000Z,12303,Nagorno-Karabakh,1
2012-01-17T00:00:00.000Z,13748,"Singles_Collection,_Volume_2",1
2012-01-17T00:00:00.000Z,14734,Moods_of_Marvin_Gaye,1
2012-01-21T00:00:00.000Z,3079,Cecil_B._DeMille,1
2012-01-21T00:00:00.000Z,6153,In_the_Mood,1
2012-01-21T00:00:00.000Z,10734,When_You_Believe,1
2012-01-21T00:00:00.000Z,11165,Everyday_Is_a_Winding_Road,1
2012-01-21T00:00:00.000Z,11598,Early_modern_France,1
2012-01-21T00:00:00.000Z,11693,Song_Dynasty,1
2012-01-21T00:00:00.000Z,13124,Lonely_Days,1
2012-01-21T00:00:00.000Z,14464,Crickets_Sing_for_Anamaria,1
2012-02-03T00:00:00.000Z,1164,Saint_George,1
2012-02-03T00:00:00.000Z,2005,"Arthur_Wellesley,_1st_Duke_of_Wellington",1
2012-02-03T00:00:00.000Z,6909,Not_Gonna_Get_Us,1
2012-02-03T00:00:00.000Z,7031,Smokey_Robinson,1
2012-02-03T00:00:00.000Z,9428,Baby_by_Me,1
2012-02-03T00:00:00.000Z,11496,MTV_Unplugged:_Tony_Bennett,1
2012-02-03T00:00:00.000Z,13124,Lonely_Days,1
2012-02-04T00:00:00.000Z,139,Wolfgang_Amadeus_Mozart,1
2012-02-04T00:00:00.000Z,2904,George_Lucas,1
2012-02-04T00:00:00.000Z,6740,Paul_Simon,1
2012-02-09T00:00:00.000Z,283,Leonard_Cohen,1
2012-02-09T00:00:00.000Z,540,Sammy_Sosa,1
2012-02-09T00:00:00.000Z,779,George_Frideric_Handel,1
2012-02-09T00:00:00.000Z,810,Jackson_Browne,1
2012-02-09T00:00:00.000Z,2052,Edward_Elgar,1
2012-02-09T00:00:00.000Z,2812,Kanye_West,1
2012-02-09T00:00:00.000Z,3088,Ron_Paul,1
2012-02-09T00:00:00.000Z,5167,Democratic_Republic_of_the_Congo,1
2012-02-09T00:00:00.000Z,5469,Farewell_My_Summer_Love,1
2012-02-09T00:00:00.000Z,5634,Born_to_Be_Alive,1
2012-02-09T00:00:00.000Z,5744,My_Heart_Will_Go_On,1
2012-02-09T00:00:00.000Z,9034,Bukovina,1
2012-02-09T00:00:00.000Z,9044,Mercosur,1
2012-02-09T00:00:00.000Z,9046,South_Ossetia,1
2012-02-09T00:00:00.000Z,9289,The_Gambia,1
2012-02-09T00:00:00.000Z,11679,Dutch_Republic,1
2012-02-09T00:00:00.000Z,11719,Upper_Canada,1
2012-02-10T00:00:00.000Z,205,"Charles_V,_Holy_Roman_Emperor",1
2012-02-10T00:00:00.000Z,1985,Elizabeth_II,1
2012-02-10T00:00:00.000Z,1998,"Charles,_Prince_of_Wales",1
2012-02-10T00:00:00.000Z,2110,John_Ruskin,1
2012-02-10T00:00:00.000Z,7521,John_Denver,1
2012-02-16T00:00:00.000Z,1524,Mariano_Rivera,1
2012-02-16T00:00:00.000Z,2894,Stanley_Kubrick,1
2012-02-16T00:00:00.000Z,2947,Reba_McEntire,1
2012-02-16T00:00:00.000Z,3081,Denzel_Washington,1
2012-02-16T00:00:00.000Z,5151,Afghanistan,1
2012-02-16T00:00:00.000Z,5990,Ultramega_OK,1
2012-02-16T00:00:00.000Z,6393,Czechoslovakia,1
2012-02-16T00:00:00.000Z,6750,Them_or_Us,1
2012-02-16T00:00:00.000Z,8882,Pictures_of_Starving_Children_Sell_Records,1
2012-02-16T00:00:00.000Z,9163,Peter_the_Great,1
2012-02-16T00:00:00.000Z,9337,Crimea,1
2012-02-16T00:00:00.000Z,12005,United_Kingdom_of_the_Netherlands,1
2012-02-16T00:00:00.000Z,12066,Ostrogothic_Kingdom,1
2012-02-16T00:00:00.000Z,12084,The_Wheels_on_the_Bus,1
2012-02-16T00:00:00.000Z,12473,Bishopric_of_Lübeck,1
2012-02-16T00:00:00.000Z,12617,Tried_and_True,1
2012-02-16T00:00:00.000Z,14450,Just_a_Day,1
2012-02-17T00:00:00.000Z,470,Franz_Kafka,1
2012-02-17T00:00:00.000Z,590,Alexandre_Dumas,1
2012-02-17T00:00:00.000Z,798,Friedrich_Schiller,1
2012-02-17T00:00:00.000Z,804,Marlene_Dietrich,1
2012-02-17T00:00:00.000Z,1676,Alexander_Pushkin,1
2012-02-17T00:00:00.000Z,2849,Herbert_Hoover,1
2012-02-17T00:00:00.000Z,2947,Reba_McEntire,1
2012-02-17T00:00:00.000Z,3059,Otis_Redding,1
2012-02-17T00:00:00.000Z,5652,A_Day_in_the_Life,1
2012-02-17T00:00:00.000Z,5798,Psalm_69:_The_Way_to_Succeed_and_the_Way_to_Suck_Eggs,1
2012-02-17T00:00:00.000Z,5990,Ultramega_OK,1
2012-02-17T00:00:00.000Z,6354,Burt_Bacharach,1
2012-02-17T00:00:00.000Z,6947,Guatemala,1
2012-02-17T00:00:00.000Z,7510,Netherlands,1
2012-02-17T00:00:00.000Z,11388,GodWeenSatan:_The_Oneness,1
2012-02-17T00:00:00.000Z,11410,Louis_XVIII_of_France,1
2012-02-18T00:00:00.000Z,470,Franz_Kafka,1
2012-02-18T00:00:00.000Z,798,Friedrich_Schiller,1
2012-02-18T00:00:00.000Z,1676,Alexander_Pushkin,1
2012-02-18T00:00:00.000Z,2028,Mary_I_of_England,1
2012-02-18T00:00:00.000Z,2104,John_Gielgud,1
2012-02-18T00:00:00.000Z,3065,Clark_Gable,1
2012-02-18T00:00:00.000Z,5229,Ghosts_I–IV,1
2012-02-18T00:00:00.000Z,7505,Trinidad_and_Tobago,1
2012-02-18T00:00:00.000Z,7582,Universal_Studios,1
2012-02-18T00:00:00.000Z,7746,Deck_the_Halls,1
2012-02-21T00:00:00.000Z,1934,Paradorn_Srichaphan,1
2012-02-21T00:00:00.000Z,6424,Spain,1
2012-02-21T00:00:00.000Z,6426,Wales,1
2012-02-21T00:00:00.000Z,7525,Like_a_Rolling_Stone,1
2012-02-21T00:00:00.000Z,12122,Derg,1
2012-02-21T00:00:00.000Z,12648,Hot_Buttered_Soul,1
2012-02-27T00:00:00.000Z,132,Judy_Davis,1
2012-02-27T00:00:00.000Z,2088,J._K._Rowling,1
2012-02-27T00:00:00.000Z,4990,You_Oughta_Know,1
2012-03-17T00:00:00.000Z,458,Fidel_Castro,1
2012-03-17T00:00:00.000Z,7545,Whitney_Houston,1
2012-03-27T00:00:00.000Z,132,Judy_Davis,1
2012-04-12T00:00:00.000Z,132,Judy_Davis,1
2012-04-12T00:00:00.000Z,7916,Youth_of_the_Nation,1
2012-04-12T00:00:00.000Z,14345,Effigy_of_the_Forgotten,1
2012-04-28T00:00:00.000Z,139,Wolfgang_Amadeus_Mozart,1
2012-04-28T00:00:00.000Z,295,Jim_Carrey,1
2012-04-28T00:00:00.000Z,781,Martin_Luther,1
2012-04-28T00:00:00.000Z,1179,Virgil,1
2012-04-28T00:00:00.000Z,3024,Howard_Stern,1
2012-04-28T00:00:00.000Z,5132,Alexander_Hamilton,1
2012-04-28T00:00:00.000Z,13818,Daniel_Nestor,1
2012-05-18T00:00:00.000Z,4990,You_Oughta_Know,1
2012-05-18T00:00:00.000Z,9289,The_Gambia,1
2012-05-18T00:00:00.000Z,11621,Bourbon_Restoration,1
2012-05-18T00:00:00.000Z,14161,Achilles_Last_Stand,1
2012-05-19T00:00:00.000Z,9102,William_IV_of_the_United_Kingdom,1
2012-05-20T00:00:00.000Z,1164,Saint_George,1
2012-05-20T00:00:00.000Z,11246,Colony_of_Virginia,1
2012-05-24T00:00:00.000Z,7873,My_Ding-a-Ling,1
2012-05-26T00:00:00.000Z,139,Wolfgang_Amadeus_Mozart,1
2012-05-26T00:00:00.000Z,2778,Barack_Obama,1
2012-05-26T00:00:00.000Z,2785,John_F._Kennedy,1
2012-05-26T00:00:00.000Z,2819,Edgar_Allan_Poe,1
2012-05-26T00:00:00.000Z,2959,Humphrey_Bogart,1
2012-05-26T00:00:00.000Z,6467,There_There,1
2012-05-26T00:00:00.000Z,12234,Ghaznavids,1
2012-06-02T00:00:00.000Z,7610,O._J._Simpson,1
2012-06-05T00:00:00.000Z,458,Fidel_Castro,1
2012-06-05T00:00:00.000Z,7543,United_States,1
2012-06-08T00:00:00.000Z,470,Franz_Kafka,1
2012-06-08T00:00:00.000Z,2044,"Anne,_Queen_of_Great_Britain",1
2012-06-08T00:00:00.000Z,2805,Woodrow_Wilson,1
2012-06-08T00:00:00.000Z,7522,John_Lennon,1
2012-06-10T00:00:00.000Z,458,Fidel_Castro,1
2012-06-10T00:00:00.000Z,6501,Un-Break_My_Heart,1
2012-06-29T00:00:00.000Z,807,Erwin_Rommel,1
2012-06-29T00:00:00.000Z,975,"Prince_Philip,_Duke_of_Edinburgh",1
2012-06-29T00:00:00.000Z,1747,Katarina_Srebotnik,1
2012-06-29T00:00:00.000Z,3038,Rush_Limbaugh,1
2012-06-29T00:00:00.000Z,7731,Disco_Inferno,1
2012-06-29T00:00:00.000Z,12408,The_Lonely_Goatherd,1
2012-07-14T00:00:00.000Z,139,Wolfgang_Amadeus_Mozart,1
2012-07-14T00:00:00.000Z,2959,Humphrey_Bogart,1
2012-07-14T00:00:00.000Z,5152,Alicia_Keys,1
2012-07-14T00:00:00.000Z,5972,Girls_Just_Want_to_Have_Fun,1
2012-07-14T00:00:00.000Z,7028,With_the_Lights_Out,1
2012-07-18T00:00:00.000Z,1196,Gaetano_Donizetti,1
2012-07-18T00:00:00.000Z,12458,Malacca_Sultanate,1
2012-07-18T00:00:00.000Z,13811,Saxe-Hildburghausen,1
2012-07-20T00:00:00.000Z,295,Jim_Carrey,1
2012-07-20T00:00:00.000Z,572,Maurice_Ravel,1
2012-07-20T00:00:00.000Z,781,Martin_Luther,1
2012-07-20T00:00:00.000Z,2058,Sean_Connery,1
2012-07-20T00:00:00.000Z,2875,Babe_Ruth,1
2012-07-20T00:00:00.000Z,5132,Alexander_Hamilton,1
2012-07-20T00:00:00.000Z,5984,I_Never_Loved_a_Man_the_Way_I_Love_You,1
2012-07-20T00:00:00.000Z,6394,George_Harrison,1
2012-07-20T00:00:00.000Z,6951,John_Cage,1
2012-07-20T00:00:00.000Z,9479,Cardinal_Richelieu,1
2012-07-20T00:00:00.000Z,11720,German_Confederation,1
2012-07-20T00:00:00.000Z,11737,Etruscan_civilization,1
2012-07-20T00:00:00.000Z,13818,Daniel_Nestor,1
2012-07-21T00:00:00.000Z,1860,Sanath_Jayasuriya,1
2012-07-21T00:00:00.000Z,2078,Saint_Patrick,1
2012-07-21T00:00:00.000Z,2785,John_F._Kennedy,1
2012-07-21T00:00:00.000Z,4874,Images_and_Words,1
2012-07-21T00:00:00.000Z,6347,Drop_the_World,1
2012-07-21T00:00:00.000Z,9061,Nigeria,1
2012-07-21T00:00:00.000Z,9329,Augusto_Pinochet,1
2012-07-21T00:00:00.000Z,9548,At_Last,1
2012-07-21T00:00:00.000Z,11041,Making_Love_Out_of_Nothing_at_All,1
2012-07-21T00:00:00.000Z,11572,If_I_Had_a_Hammer,1
2012-07-21T00:00:00.000Z,11737,Etruscan_civilization,1
2012-07-21T00:00:00.000Z,12343,Beautiful_Vision,1
2012-07-21T00:00:00.000Z,13698,Every_Little_Bit_Hurts,1
2012-07-21T00:00:00.000Z,13854,I_Pity_the_Fool,1
2012-07-21T00:00:00.000Z,15191,Having_a_Rave_Up,1
2012-08-10T00:00:00.000Z,283,Leonard_Cohen,1
2012-08-10T00:00:00.000Z,804,Marlene_Dietrich,1
2012-08-10T00:00:00.000Z,1524,Mariano_Rivera,1
2012-08-10T00:00:00.000Z,1532,Gloria_Macapagal-Arroyo,1
2012-08-10T00:00:00.000Z,2076,William_Morris,1
2012-08-10T00:00:00.000Z,2874,Johnny_Mercer,1
2012-08-10T00:00:00.000Z,2899,Cyndi_Lauper,1
2012-08-10T00:00:00.000Z,3111,Al_Capone,1
2012-08-10T00:00:00.000Z,5652,A_Day_in_the_Life,1
2012-08-10T00:00:00.000Z,5871,The_Don_Killuminati:_The_7_Day_Theory,1
2012-08-10T00:00:00.000Z,6440,Neil_Diamond,1
2012-08-10T00:00:00.000Z,9078,Duchy_of_Burgundy,1
2012-08-10T00:00:00.000Z,9249,Gibraltar,1
2012-08-10T00:00:00.000Z,11410,Louis_XVIII_of_France,1
2012-08-10T00:00:00.000Z,11910,Anytime_You_Need_a_Friend,1
2012-08-10T00:00:00.000Z,13483,It_Feels_So_Good,1
2012-08-10T00:00:00.000Z,13697,Lay_All_Your_Love_on_Me,1
2012-08-18T00:00:00.000Z,283,Leonard_Cohen,1
2012-08-18T00:00:00.000Z,413,Paul_Capdeville,1
2012-08-18T00:00:00.000Z,540,Sammy_Sosa,1
2012-08-18T00:00:00.000Z,780,Johann_Wolfgang_von_Goethe,1
2012-08-18T00:00:00.000Z,1191,Francis_of_Assisi,1
2012-08-18T00:00:00.000Z,1670,Vladimir_Putin,1
2012-08-18T00:00:00.000Z,1684,Yevgeny_Kafelnikov,1
2012-08-18T00:00:00.000Z,3028,Liza_Minnelli,1
2012-08-18T00:00:00.000Z,4975,Niandra_Lades_and_Usually_Just_a_T-Shirt,1
2012-08-18T00:00:00.000Z,5090,Algeria,1
2012-08-18T00:00:00.000Z,5167,Democratic_Republic_of_the_Congo,1
2012-08-18T00:00:00.000Z,6951,John_Cage,1
2012-08-18T00:00:00.000Z,7007,New_France,1
2012-08-18T00:00:00.000Z,7555,France,1
2012-08-18T00:00:00.000Z,7892,How_You_Remind_Me,1
2012-08-18T00:00:00.000Z,9034,Bukovina,1
2012-08-18T00:00:00.000Z,9036,Claudius,1
2012-08-18T00:00:00.000Z,9039,Guernsey,1
2012-08-18T00:00:00.000Z,9116,Andorra,1
2012-08-18T00:00:00.000Z,10955,Sexy_MF,1
2012-08-18T00:00:00.000Z,13268,Up_for_the_Down_Stroke,1
2012-08-18T00:00:00.000Z,15990,Still_Fantasy,1
2012-08-19T00:00:00.000Z,289,Wayne_Gretzky,1
2012-08-19T00:00:00.000Z,413,Paul_Capdeville,1
2012-08-19T00:00:00.000Z,780,Johann_Wolfgang_von_Goethe,1
2012-08-19T00:00:00.000Z,1766,Miguel_de_Cervantes,1
2012-08-19T00:00:00.000Z,2119,Francis_Drake,1
2012-08-19T00:00:00.000Z,2807,Beyoncé_Knowles,1
2012-08-19T00:00:00.000Z,2972,Ralph_Nader,1
2012-08-19T00:00:00.000Z,3062,Bruce_Lee,1
2012-08-19T00:00:00.000Z,5090,Algeria,1
2012-08-19T00:00:00.000Z,6427,Bosnia_and_Herzegovina,1
2012-08-19T00:00:00.000Z,9039,Guernsey,1
2012-08-19T00:00:00.000Z,9307,Congo_Free_State,1
2012-08-19T00:00:00.000Z,11164,Border_Song,1
2012-08-19T00:00:00.000Z,13268,Up_for_the_Down_Stroke,1
2012-08-19T00:00:00.000Z,15990,Still_Fantasy,1
2012-08-24T00:00:00.000Z,1178,Dante_Alighieri,1
2012-08-24T00:00:00.000Z,5144,La_Vie_en_rose,1
2012-08-24T00:00:00.000Z,11531,Hannibal,1
2012-08-25T00:00:00.000Z,470,Franz_Kafka,1
2012-08-25T00:00:00.000Z,565,Napoleon,1
2012-08-25T00:00:00.000Z,5076,Slovenia,1
2012-08-25T00:00:00.000Z,7522,John_Lennon,1
2012-08-25T00:00:00.000Z,8019,By_the_Time_I_Get_to_Phoenix,1
2012-08-31T00:00:00.000Z,1153,Mohammad_Reza_Pahlavi,1
2012-08-31T00:00:00.000Z,2788,George_Washington,1
2012-08-31T00:00:00.000Z,2808,Johnny_Cash,1
2012-08-31T00:00:00.000Z,2953,Katharine_Hepburn,1
2012-08-31T00:00:00.000Z,2969,Bugs_Bunny,1
2012-08-31T00:00:00.000Z,8912,Two_Steps_from_the_Move,1
2012-09-01T00:00:00.000Z,458,Fidel_Castro,1
2012-09-01T00:00:00.000Z,2820,Benjamin_Franklin,1
2012-09-01T00:00:00.000Z,2914,Bette_Midler,1
2012-09-01T00:00:00.000Z,2953,Katharine_Hepburn,1
2012-09-01T00:00:00.000Z,2969,Bugs_Bunny,1
2012-09-01T00:00:00.000Z,5067,Pakistan,1
2012-09-01T00:00:00.000Z,5170,Richard_Burton,1
2012-09-22T00:00:00.000Z,784,Richard_Strauss,1
2012-09-22T00:00:00.000Z,2924,"Sammy_Davis,_Jr.",1
2012-09-22T00:00:00.000Z,5130,Master_of_Puppets,1
2012-09-22T00:00:00.000Z,6411,Italy,1
2012-09-22T00:00:00.000Z,12224,Vojvodina,1
2012-09-23T00:00:00.000Z,141,Franz_Liszt,1
2012-09-23T00:00:00.000Z,784,Richard_Strauss,1
2012-09-23T00:00:00.000Z,1026,Indira_Gandhi,1
2012-09-23T00:00:00.000Z,1771,Isabella_I_of_Castile,1
2012-09-23T00:00:00.000Z,1992,Charles_I_of_England,1
2012-09-23T00:00:00.000Z,2860,Frank_Lloyd_Wright,1
2012-09-25T00:00:00.000Z,0,Hamid_Karzai,1
2012-09-25T00:00:00.000Z,2786,Abraham_Lincoln,1
2012-09-25T00:00:00.000Z,7564,Marie_Antoinette,1
2012-09-25T00:00:00.000Z,12014,East_Francia,1
2012-10-01T00:00:00.000Z,285,Nelly_Furtado,1
2012-10-01T00:00:00.000Z,1023,Jawaharlal_Nehru,1
2012-10-01T00:00:00.000Z,2892,John_Coltrane,1
2012-10-01T00:00:00.000Z,6364,French_Fifth_Republic,1
2012-10-01T00:00:00.000Z,12104,Only_a_Northern_Song,1
2012-10-02T00:00:00.000Z,5076,Slovenia,1
2012-10-04T00:00:00.000Z,1361,Francis_I_of_the_Two_Sicilies,1
2012-10-04T00:00:00.000Z,2880,Muhammad_Ali,1
2012-10-04T00:00:00.000Z,6210,The_Head_on_the_Door,1
2012-10-04T00:00:00.000Z,9072,Baltic_states,1
2012-10-05T00:00:00.000Z,458,Fidel_Castro,1
2012-10-05T00:00:00.000Z,1193,Pope_John_XXIII,1
2012-10-05T00:00:00.000Z,2117,Clement_Attlee,1
2012-10-05T00:00:00.000Z,7007,New_France,1
2012-10-06T00:00:00.000Z,470,Franz_Kafka,1
2012-10-06T00:00:00.000Z,1186,Ovid,1
2012-10-06T00:00:00.000Z,1193,Pope_John_XXIII,1
2012-10-06T00:00:00.000Z,1410,Muammar_Gaddafi,1
2012-10-06T00:00:00.000Z,1676,Alexander_Pushkin,1
2012-10-06T00:00:00.000Z,1766,Miguel_de_Cervantes,1
2012-10-06T00:00:00.000Z,2107,Julie_Andrews,1
2012-10-06T00:00:00.000Z,2808,Johnny_Cash,1
2012-10-06T00:00:00.000Z,2811,John_Kerry,1
2012-10-06T00:00:00.000Z,2879,Tom_Cruise,1
2012-10-06T00:00:00.000Z,3065,Clark_Gable,1
2012-10-06T00:00:00.000Z,4844,Simón_Bolívar,1
2012-10-06T00:00:00.000Z,5152,Alicia_Keys,1
2012-10-06T00:00:00.000Z,5303,Frosty_the_Snowman,1
2012-10-06T00:00:00.000Z,6368,Charles_II_of_England,1
2012-10-06T00:00:00.000Z,6551,From_Here_to_Eternity:_Live,1
2012-10-06T00:00:00.000Z,7520,Jerry_Lewis,1
2012-10-06T00:00:00.000Z,9262,Mughal_Empire,1
2012-10-06T00:00:00.000Z,10651,Big_Bad_John,1
2012-10-06T00:00:00.000Z,12000,Confederation_of_the_Rhine,1
2012-10-06T00:00:00.000Z,12027,Kingdom_of_Westphalia,1
2012-10-06T00:00:00.000Z,13039,Surrealistic_Pillow,1
2012-10-06T00:00:00.000Z,13427,Spanish_Harlem_Incident,1
2012-10-07T00:00:00.000Z,1196,Gaetano_Donizetti,1
2012-10-07T00:00:00.000Z,1669,Igor_Stravinsky,1
2012-10-07T00:00:00.000Z,2838,Clint_Eastwood,1
2012-10-07T00:00:00.000Z,4844,Simón_Bolívar,1
2012-10-07T00:00:00.000Z,8816,You_Are_Not_Alone,1
2012-10-13T00:00:00.000Z,1454,Desiderius_Erasmus,1
2012-10-14T00:00:00.000Z,1184,Pope_Pius_IX,1
2012-10-14T00:00:00.000Z,11531,Hannibal,1
2012-10-14T00:00:00.000Z,12742,Hot_Streets,1
2012-10-15T00:00:00.000Z,5056,Cambodia,1
2012-10-17T00:00:00.000Z,6947,Guatemala,1
2012-10-17T00:00:00.000Z,7005,Mao_Zedong,1
2012-10-23T00:00:00.000Z,5114,Nat_King_Cole,1
2012-10-24T00:00:00.000Z,11531,Hannibal,1
2012-10-27T00:00:00.000Z,61,Kevin_Rudd,1
2012-10-27T00:00:00.000Z,2993,Meat_Loaf,1
2012-10-27T00:00:00.000Z,9147,League_of_Nations,1
2012-10-28T00:00:00.000Z,132,Judy_Davis,1
2012-10-28T00:00:00.000Z,295,Jim_Carrey,1
2012-10-28T00:00:00.000Z,2957,Little_Richard,1
2012-10-29T00:00:00.000Z,1361,Francis_I_of_the_Two_Sicilies,1
2012-10-29T00:00:00.000Z,1672,Nicholas_II_of_Russia,1
2012-10-29T00:00:00.000Z,2880,Muhammad_Ali,1
2012-10-29T00:00:00.000Z,7018,South_Korea,1
2012-10-30T00:00:00.000Z,5114,Nat_King_Cole,1
2012-10-31T00:00:00.000Z,1197,Antonio_Vivaldi,1
2012-10-31T00:00:00.000Z,11337,Benin_Empire,1
2012-11-01T00:00:00.000Z,1172,Pliny_the_Elder,1
2012-11-01T00:00:00.000Z,3045,William_Faulkner,1
2012-11-03T00:00:00.000Z,580,Jacques_Chirac,1
2012-11-06T00:00:00.000Z,1860,Sanath_Jayasuriya,1
2012-11-06T00:00:00.000Z,5126,Uruguay,1
2012-11-06T00:00:00.000Z,6347,Drop_the_World,1
2012-11-06T00:00:00.000Z,6947,Guatemala,1
2012-11-06T00:00:00.000Z,7119,Mighty_ReArranger,1
2012-11-06T00:00:00.000Z,8374,Stray_Cat_Strut,1
2012-11-06T00:00:00.000Z,9820,The_Meanest_of_Times,1
2012-11-06T00:00:00.000Z,11741,Free_City_of_Danzig,1
2012-11-06T00:00:00.000Z,15191,Having_a_Rave_Up,1
2012-11-07T00:00:00.000Z,295,Jim_Carrey,1
2012-11-07T00:00:00.000Z,296,David_Foster,1
2012-11-07T00:00:00.000Z,1179,Virgil,1
2012-11-07T00:00:00.000Z,1753,Ban_Ki-moon,1
2012-11-07T00:00:00.000Z,1860,Sanath_Jayasuriya,1
2012-11-07T00:00:00.000Z,2044,"Anne,_Queen_of_Great_Britain",1
2012-11-07T00:00:00.000Z,2778,Barack_Obama,1
2012-11-07T00:00:00.000Z,2785,John_F._Kennedy,1
2012-11-07T00:00:00.000Z,2800,Britney_Spears,1
2012-11-07T00:00:00.000Z,2843,H._P._Lovecraft,1
2012-11-07T00:00:00.000Z,2850,Thomas_Edison,1
2012-11-07T00:00:00.000Z,3042,Angelina_Jolie,1
2012-11-07T00:00:00.000Z,5742,Red_Rose_Speedway,1
2012-11-07T00:00:00.000Z,6347,Drop_the_World,1
2012-11-07T00:00:00.000Z,7521,John_Denver,1
2012-11-07T00:00:00.000Z,7773,Heartaches_by_the_Number,1
2012-11-07T00:00:00.000Z,9341,Polish–Lithuanian_Commonwealth,1
2012-11-07T00:00:00.000Z,10314,Love_Today,1
2012-11-07T00:00:00.000Z,11569,Duchy_of_Warsaw,1
2012-11-07T00:00:00.000Z,14734,Moods_of_Marvin_Gaye,1
2012-11-12T00:00:00.000Z,283,Leonard_Cohen,1
2012-11-12T00:00:00.000Z,586,Henri_Matisse,1
2012-11-12T00:00:00.000Z,1191,Francis_of_Assisi,1
2012-11-12T00:00:00.000Z,2030,"Horatio_Nelson,_1st_Viscount_Nelson",1
2012-11-12T00:00:00.000Z,2049,Elizabeth_Taylor,1
2012-11-12T00:00:00.000Z,2065,Samuel_Taylor_Coleridge,1
2012-11-12T00:00:00.000Z,2959,Humphrey_Bogart,1
2012-11-12T00:00:00.000Z,2992,Philip_K._Dick,1
2012-11-12T00:00:00.000Z,3025,Jay_Leno,1
2012-11-12T00:00:00.000Z,4849,Henry_V_of_England,1
2012-11-12T00:00:00.000Z,4975,Niandra_Lades_and_Usually_Just_a_T-Shirt,1
2012-11-12T00:00:00.000Z,5101,England,1
2012-11-12T00:00:00.000Z,5163,Ralph_Vaughan_Williams,1
2012-11-12T00:00:00.000Z,7020,Switzerland,1
2012-11-12T00:00:00.000Z,9056,German_East_Africa,1
2012-11-12T00:00:00.000Z,9221,Korea_under_Japanese_rule,1
2012-11-12T00:00:00.000Z,9302,Palestinian_territories,1
2012-11-13T00:00:00.000Z,297,Sarah_McLachlan,1
2012-11-13T00:00:00.000Z,1195,Livy,1
2012-11-13T00:00:00.000Z,1196,Gaetano_Donizetti,1
2012-11-13T00:00:00.000Z,1676,Alexander_Pushkin,1
2012-11-13T00:00:00.000Z,2015,"Diana,_Princess_of_Wales",1
2012-11-13T00:00:00.000Z,2041,Robert_Louis_Stevenson,1
2012-11-13T00:00:00.000Z,2834,Frank_Zappa,1
2012-11-13T00:00:00.000Z,2986,Marilyn_Manson,1
2012-11-13T00:00:00.000Z,2994,Lil_Jon,1
2012-11-13T00:00:00.000Z,5068,Paraguay,1
2012-11-13T00:00:00.000Z,5080,Thailand,1
2012-11-13T00:00:00.000Z,7746,Deck_the_Halls,1
2012-11-13T00:00:00.000Z,9323,Achaemenid_Empire,1
2012-11-13T00:00:00.000Z,11370,Take_Five,1
2012-11-13T00:00:00.000Z,11664,Kingdom_of_Bavaria,1
2012-11-13T00:00:00.000Z,11806,Last_Name,1
2012-11-13T00:00:00.000Z,12026,Ayutthaya_Kingdom,1
2012-11-13T00:00:00.000Z,12269,Bavarian_Soviet_Republic,1
2012-11-13T00:00:00.000Z,12458,Malacca_Sultanate,1
2012-11-13T00:00:00.000Z,13875,Friday_on_My_Mind,1
2012-11-14T00:00:00.000Z,1031,Leander_Paes,1
2012-11-14T00:00:00.000Z,1164,Saint_George,1
2012-11-14T00:00:00.000Z,1764,Rafael_Nadal,1
2012-11-14T00:00:00.000Z,1985,Elizabeth_II,1
2012-11-14T00:00:00.000Z,1986,Queen_Victoria,1
2012-11-14T00:00:00.000Z,2838,Clint_Eastwood,1
2012-11-14T00:00:00.000Z,4927,The_Imagine_Project,1
2012-11-14T00:00:00.000Z,5432,A_Quick_One,1
2012-11-14T00:00:00.000Z,5524,Elephunk,1
2012-11-14T00:00:00.000Z,6585,"Hello,_Goodbye",1
2012-11-14T00:00:00.000Z,6980,Christina_Aguilera,1
2012-11-14T00:00:00.000Z,6987,Alan_Moore,1
2012-11-14T00:00:00.000Z,7008,OK_Computer,1
2012-11-14T00:00:00.000Z,12457,Solanki,1
2012-11-15T00:00:00.000Z,1449,Hicham_Arazi,1
2012-11-15T00:00:00.000Z,2031,C._S._Lewis,1
2012-11-15T00:00:00.000Z,2892,John_Coltrane,1
2012-11-15T00:00:00.000Z,5113,Morocco,1
2012-11-15T00:00:00.000Z,9627,Pretty_Girl_Rock,1
2012-11-16T00:00:00.000Z,9595,River_Deep_–_Mountain_High,1
2012-11-17T00:00:00.000Z,4875,What_a_Wonderful_World,1
2012-11-17T00:00:00.000Z,7559,Israel,1
2012-11-18T00:00:00.000Z,2001,Isaac_Newton,1
2012-11-18T00:00:00.000Z,2801,Ulysses_S._Grant,1
2012-11-18T00:00:00.000Z,4875,What_a_Wonderful_World,1
2012-11-18T00:00:00.000Z,5078,Superman,1
2012-11-18T00:00:00.000Z,11695,John_the_Baptist,1
2012-11-19T00:00:00.000Z,777,Albert_Einstein,1
2012-11-19T00:00:00.000Z,2037,David_Lloyd_George,1
2012-11-19T00:00:00.000Z,2100,Kate_Bush,1
2012-11-19T00:00:00.000Z,2811,John_Kerry,1
2012-11-19T00:00:00.000Z,2920,Sheryl_Crow,1
2012-11-19T00:00:00.000Z,5054,From_Me_to_You,1
2012-11-19T00:00:00.000Z,5064,Malaysia,1
2012-11-19T00:00:00.000Z,5126,Uruguay,1
2012-11-19T00:00:00.000Z,5152,Alicia_Keys,1
2012-11-19T00:00:00.000Z,5638,"Hold_Me,_Thrill_Me,_Kiss_Me,_Kill_Me",1
2012-11-19T00:00:00.000Z,6347,Drop_the_World,1
2012-11-19T00:00:00.000Z,6355,Nazi_Germany,1
2012-11-19T00:00:00.000Z,6740,Paul_Simon,1
2012-11-19T00:00:00.000Z,7027,Animalize,1
2012-11-19T00:00:00.000Z,7060,Daisy_Bell,1
2012-11-19T00:00:00.000Z,7559,Israel,1
2012-11-19T00:00:00.000Z,8181,Shop_Around,1
2012-11-19T00:00:00.000Z,8374,Stray_Cat_Strut,1
2012-11-19T00:00:00.000Z,8886,Should_I_Stay_or_Should_I_Go,1
2012-11-19T00:00:00.000Z,9312,Ethiopian_Empire,1
2012-11-19T00:00:00.000Z,9742,I_Put_a_Spell_on_You,1
2012-11-19T00:00:00.000Z,9820,The_Meanest_of_Times,1
2012-11-19T00:00:00.000Z,10035,New_Netherland,1
2012-11-19T00:00:00.000Z,10314,Love_Today,1
2012-11-19T00:00:00.000Z,10317,The_Makings_of_Me,1
2012-11-19T00:00:00.000Z,10999,Up-Tight,1
2012-11-19T00:00:00.000Z,11741,Free_City_of_Danzig,1
2012-11-19T00:00:00.000Z,15191,Having_a_Rave_Up,1
2012-11-20T00:00:00.000Z,5619,Scratch_My_Back,1
2012-11-20T00:00:00.000Z,7060,Daisy_Bell,1
2012-11-20T00:00:00.000Z,9243,Equatorial_Guinea,1
2012-11-20T00:00:00.000Z,9312,Ethiopian_Empire,1
2012-11-20T00:00:00.000Z,10971,Hole_in_the_Head,1
2012-11-23T00:00:00.000Z,470,Franz_Kafka,1
2012-11-23T00:00:00.000Z,4849,Henry_V_of_England,1
2012-11-23T00:00:00.000Z,9078,Duchy_of_Burgundy,1
2012-11-23T00:00:00.000Z,9099,Saint_Helena,1
2012-11-23T00:00:00.000Z,9262,Mughal_Empire,1
2012-11-24T00:00:00.000Z,470,Franz_Kafka,1
2012-11-24T00:00:00.000Z,1669,Igor_Stravinsky,1
2012-11-24T00:00:00.000Z,1672,Nicholas_II_of_Russia,1
2012-11-24T00:00:00.000Z,2044,"Anne,_Queen_of_Great_Britain",1
2012-11-24T00:00:00.000Z,2805,Woodrow_Wilson,1
2012-11-24T00:00:00.000Z,2878,Robert_F._Kennedy,1
2012-11-24T00:00:00.000Z,7775,Bad_to_the_Bone,1
2012-11-24T00:00:00.000Z,9064,Second_Spanish_Republic,1
2012-11-24T00:00:00.000Z,10782,Mama_Said_Knock_You_Out,1
2012-11-24T00:00:00.000Z,11609,Suicide_Is_Painless,1
2012-11-25T00:00:00.000Z,2805,Woodrow_Wilson,1
2012-11-25T00:00:00.000Z,2878,Robert_F._Kennedy,1
2012-11-25T00:00:00.000Z,12012,Archduchy_of_Austria,1
2012-11-25T00:00:00.000Z,12085,Smack_My_Bitch_Up,1
2012-11-28T00:00:00.000Z,593,Charles_Gounod,1
2012-11-28T00:00:00.000Z,6973,Bohemian_Rhapsody,1
2012-11-29T00:00:00.000Z,1178,Dante_Alighieri,1
2012-11-29T00:00:00.000Z,1616,George_Bernard_Shaw,1
2012-11-30T00:00:00.000Z,2050,"Alfred,_Lord_Tennyson",1
2012-11-30T00:00:00.000Z,3040,Jacqueline_Kennedy_Onassis,1
2012-12-01T00:00:00.000Z,796,Otto_von_Bismarck,1
2012-12-01T00:00:00.000Z,1164,Saint_George,1
2012-12-01T00:00:00.000Z,11531,Hannibal,1
2012-12-02T00:00:00.000Z,1616,George_Bernard_Shaw,1
2012-12-02T00:00:00.000Z,8803,Bizzar,1
2012-12-02T00:00:00.000Z,11531,Hannibal,1
2012-12-05T00:00:00.000Z,11948,Stop_and_Smell_the_Roses,1
2012-12-07T00:00:00.000Z,5066,Ottoman_Empire,1
2012-12-07T00:00:00.000Z,11307,Neo-Babylonian_Empire,1
2012-12-08T00:00:00.000Z,580,Jacques_Chirac,1
2012-12-08T00:00:00.000Z,5141,Joseph_Goebbels,1
2012-12-09T00:00:00.000Z,2880,Muhammad_Ali,1
2012-12-09T00:00:00.000Z,5985,Diesel_and_Dust,1
2012-12-10T00:00:00.000Z,283,Leonard_Cohen,1
2012-12-10T00:00:00.000Z,1987,Winston_Churchill,1
2012-12-10T00:00:00.000Z,2057,Jonathan_Swift,1
2012-12-10T00:00:00.000Z,2078,Saint_Patrick,1
2012-12-10T00:00:00.000Z,2916,Jack_Nicholson,1
2012-12-10T00:00:00.000Z,2963,Doris_Day,1
2012-12-10T00:00:00.000Z,4994,I_Want_to_Hold_Your_Hand,1
2012-12-10T00:00:00.000Z,5114,Nat_King_Cole,1
2012-12-10T00:00:00.000Z,6871,I_Just_Called_to_Say_I_Love_You,1
2012-12-10T00:00:00.000Z,9292,French_First_Republic,1
2012-12-10T00:00:00.000Z,11849,One_Wild_Night_Live_1985–2001,1
2012-12-12T00:00:00.000Z,11531,Hannibal,1
2012-12-13T00:00:00.000Z,6393,Czechoslovakia,1
2012-12-14T00:00:00.000Z,299,Oscar_Peterson,1
2012-12-14T00:00:00.000Z,801,Bruce_Willis,1
2012-12-14T00:00:00.000Z,2075,John_Stuart_Mill,1
2012-12-14T00:00:00.000Z,3080,Leonardo_DiCaprio,1
2012-12-14T00:00:00.000Z,5122,Senegal,1
2012-12-14T00:00:00.000Z,6743,Sean_Combs,1
2012-12-14T00:00:00.000Z,15728,Electronic_Battle_Weapon,1
2012-12-15T00:00:00.000Z,1505,Muhammad_Ali_Jinnah,1
2012-12-15T00:00:00.000Z,5114,Nat_King_Cole,1
2012-12-15T00:00:00.000Z,7505,Trinidad_and_Tobago,1
2012-12-15T00:00:00.000Z,12424,Aq_Qoyunlu,1
2012-12-15T00:00:00.000Z,14626,The_Black_Saint_and_the_Sinner_Lady,1
2012-12-16T00:00:00.000Z,1995,Charles_Darwin,1
2012-12-16T00:00:00.000Z,2106,H._H._Asquith,1
2012-12-16T00:00:00.000Z,3004,Ezra_Pound,1
2012-12-16T00:00:00.000Z,9479,Cardinal_Richelieu,1
2012-12-17T00:00:00.000Z,1759,Francisco_Franco,1
2012-12-17T00:00:00.000Z,2038,Samuel_Johnson,1
2012-12-17T00:00:00.000Z,3026,Tim_McGraw,1
2012-12-17T00:00:00.000Z,9284,San_Marino,1
2012-12-18T00:00:00.000Z,576,Nicolas_Sarkozy,1
2012-12-18T00:00:00.000Z,597,Giuseppe_Garibaldi,1
2012-12-18T00:00:00.000Z,798,Friedrich_Schiller,1
2012-12-18T00:00:00.000Z,1189,Raphael,1
2012-12-18T00:00:00.000Z,2001,Isaac_Newton,1
2012-12-18T00:00:00.000Z,2778,Barack_Obama,1
2012-12-18T00:00:00.000Z,2832,Justin_Timberlake,1
2012-12-18T00:00:00.000Z,2886,Calvin_Coolidge,1
2012-12-18T00:00:00.000Z,2901,Ricky_Martin,1
2012-12-18T00:00:00.000Z,4849,Henry_V_of_England,1
2012-12-18T00:00:00.000Z,5112,Moldova,1
2012-12-18T00:00:00.000Z,6981,Frank_Sinatra,1
2012-12-18T00:00:00.000Z,7017,South_Africa,1
2012-12-18T00:00:00.000Z,7190,Leave_Me_Alone,1
2012-12-18T00:00:00.000Z,7511,New_Zealand,1
2012-12-18T00:00:00.000Z,8082,Manic_Monday,1
2012-12-18T00:00:00.000Z,9276,Kazakhstan,1
2012-12-18T00:00:00.000Z,9319,Henrik_Ibsen,1
2012-12-18T00:00:00.000Z,10214,Thirteen_Colonies,1
2012-12-18T00:00:00.000Z,11050,Coming_Out_of_the_Dark,1
2012-12-18T00:00:00.000Z,11339,French_Second_Republic,1
2012-12-18T00:00:00.000Z,11379,Pope_Gregory_I,1
2012-12-18T00:00:00.000Z,12081,Rat_Trap,1
2012-12-18T00:00:00.000Z,12122,Derg,1
2012-12-18T00:00:00.000Z,12648,Hot_Buttered_Soul,1
2012-12-18T00:00:00.000Z,13404,Run_Through_the_Jungle,1
2012-12-19T00:00:00.000Z,798,Friedrich_Schiller,1
2012-12-19T00:00:00.000Z,2870,John_Adams,1
2012-12-19T00:00:00.000Z,5068,Paraguay,1
2012-12-19T00:00:00.000Z,11379,Pope_Gregory_I,1
2012-12-19T00:00:00.000Z,11531,Hannibal,1
2012-12-20T00:00:00.000Z,580,Jacques_Chirac,1
2012-12-20T00:00:00.000Z,6393,Czechoslovakia,1
2012-12-20T00:00:00.000Z,6406,Egypt,1
2012-12-20T00:00:00.000Z,9116,Andorra,1
2012-12-20T00:00:00.000Z,11531,Hannibal,1
2012-12-20T00:00:00.000Z,11727,Bamana_Empire,1
2012-12-21T00:00:00.000Z,1998,"Charles,_Prince_of_Wales",1
2012-12-21T00:00:00.000Z,2821,Lady_Gaga,1
2012-12-21T00:00:00.000Z,15526,The_Hard_Road,1
2012-12-22T00:00:00.000Z,0,Hamid_Karzai,1
2012-12-22T00:00:00.000Z,1164,Saint_George,1
2012-12-22T00:00:00.000Z,2832,Justin_Timberlake,1
2012-12-22T00:00:00.000Z,5301,The_Unauthorized_Biography_of_Reinhold_Messner,1
2012-12-22T00:00:00.000Z,8079,Vol._3..._Life_and_Times_of_S._Carter,1
2012-12-22T00:00:00.000Z,9045,Mongolia,1
2012-12-23T00:00:00.000Z,5114,Nat_King_Cole,1
2012-12-23T00:00:00.000Z,7568,Panama,1
2012-12-24T00:00:00.000Z,2850,Thomas_Edison,1
2012-12-24T00:00:00.000Z,11531,Hannibal,1
2012-12-25T00:00:00.000Z,2807,Beyoncé_Knowles,1
2012-12-25T00:00:00.000Z,9295,South_African_Republic,1
2012-12-26T00:00:00.000Z,5102,Estonia,1
2012-12-26T00:00:00.000Z,5114,Nat_King_Cole,1
2012-12-26T00:00:00.000Z,5184,Osama_bin_Laden,1
2012-12-26T00:00:00.000Z,9269,Kingdom_of_Ireland,1
2012-12-27T00:00:00.000Z,9026,Basutoland,1
2012-12-28T00:00:00.000Z,580,Jacques_Chirac,1
2012-12-28T00:00:00.000Z,1164,Saint_George,1
2012-12-28T00:00:00.000Z,6393,Czechoslovakia,1
2012-12-28T00:00:00.000Z,7019,Soviet_Union,1
2012-12-28T00:00:00.000Z,9179,Nauru,1
2012-12-28T00:00:00.000Z,11115,Nice_&_Slow,1
2012-12-28T00:00:00.000Z,11531,Hannibal,1
2012-12-28T00:00:00.000Z,11730,Kingdom_of_Jerusalem,1
2012-12-28T00:00:00.000Z,12012,Archduchy_of_Austria,1
2012-12-29T00:00:00.000Z,580,Jacques_Chirac,1
2012-12-29T00:00:00.000Z,2047,Jimmy_Page,1
2012-12-29T00:00:00.000Z,2104,John_Gielgud,1
2012-12-29T00:00:00.000Z,2794,Theodore_Roosevelt,1
2012-12-29T00:00:00.000Z,2874,Johnny_Mercer,1
2012-12-29T00:00:00.000Z,2887,Benny_Goodman,1
2012-12-29T00:00:00.000Z,9079,Orange_Free_State,1
2012-12-29T00:00:00.000Z,9179,Nauru,1
2012-12-29T00:00:00.000Z,9551,Evacuate_the_Dancefloor,1
2012-12-30T00:00:00.000Z,1164,Saint_George,1
2012-12-30T00:00:00.000Z,2118,John_Dryden,1
2012-12-30T00:00:00.000Z,2847,Douglas_MacArthur,1
2012-12-30T00:00:00.000Z,5074,Scotland,1
2012-12-30T00:00:00.000Z,5097,Croatia,1
2012-12-30T00:00:00.000Z,5114,Nat_King_Cole,1
2012-12-30T00:00:00.000Z,7307,Smoke_on_the_Water,1
2012-12-30T00:00:00.000Z,9100,United_Arab_Emirates,1
2012-12-31T00:00:00.000Z,139,Wolfgang_Amadeus_Mozart,1
2012-12-31T00:00:00.000Z,448,Josip_Broz_Tito,1
2012-12-31T00:00:00.000Z,1164,Saint_George,1
2012-12-31T00:00:00.000Z,1988,Elizabeth_I_of_England,1
2012-12-31T00:00:00.000Z,2047,Jimmy_Page,1
2012-12-31T00:00:00.000Z,2903,Michael_Jordan,1
2012-12-31T00:00:00.000Z,5055,Bulgaria,1
2012-12-31T00:00:00.000Z,5114,Nat_King_Cole,1
2012-12-31T00:00:00.000Z,7982,One_Headlight,1
2012-12-31T00:00:00.000Z,13196,Sonic_Attack,1
