1,China,686
54,Pakistan,621
53,Mexico,402
80,Iran,377
60,Algeria,360
56,Russia,204
90,Niger,201
105,Turkey,185
61,Argentina,154
0,India,150
50,Germany,142
48,Wales,119
71,Cuba,93
4,Azerbaijan,48
101,Sweden,41
92,Poland,37
97,South_Africa,37
49,Brazil,33
65,Burma,28
51,Indonesia,25
86,Moldova,24
52,Japan,19
78,Greece,17
25,Mauritania,16
57,United_States,14
59,Afghanistan,14
110,Zambia,13
89,Netherlands,12
100,Sri_Lanka,8
96,Senegal,4
14,Finland,3
26,Mauritius,3
34,Panama,3
35,Papua_New_Guinea,3
39,Rwanda,3
47,Uruguay,3
82,Kazakhstan,3
106,Ukraine,3
2,Angola,2
3,Austria,2
7,Bulgaria,2
10,Denmark,2
12,El_Salvador,2
13,Estonia,2
29,New_Zealand,2
30,Nicaragua,2
37,Republic_of_Ireland,2
41,Singapore,2
43,Slovenia,2
44,Swaziland,2
58,Vietnam,2
64,Belgium,2
67,Cambodia,2
75,England,2
91,Peru,2
99,Spain,2
9,Croatia,1
11,Dominican_Republic,1
16,Hong_Kong,1
17,Israel,1
19,Laos,1
20,Latvia,1
23,Lithuania,1
24,Malta,1
27,Mongolia,1
31,Northern_Ireland,1
33,Oman,1
36,Puerto_Rico,1
40,Scotland,1
46,Tajikistan,1
55,Philippines,1
66,Canada,1
68,Cameroon,1
69,Chile,1
70,Colombia,1
77,France,1
79,Hungary,1
81,Italy,1
83,Kenya,1
85,Malaysia,1
87,Morocco,1
88,Nepal,1
94,Taiwan,1
95,Romania,1
102,Tanzania,1
104,Tunisia,1
109,Yemen,1
