creationDate|id|locationIP|browserUsed|content|length|CreatorPersonId|LocationCountryId|ParentPostId|ParentCommentId
2012-12-06T00:49:44.950+00:00|1168231107508|27.131.221.93|Internet Explorer|maybe|5|21990232555526|1|1168231107507|
2012-12-06T04:13:04.600+00:00|1168231106315|27.98.220.136|Firefox|roflol|6|35184372088856|1|343597385481|
2012-12-06T05:23:32.607+00:00|1168231107509|31.209.42.207|Internet Explorer|no way!|7|13194139533342|101|1168231107507|
2012-12-06T07:24:23.781+00:00|1168231107512|27.131.221.93|Internet Explorer|LOL|3|21990232555526|1|1168231107507|
